-- phpMyAdmin SQL Dump
-- version 4.1.4
-- http://www.phpmyadmin.net
--
-- Host: 127.0.0.1
-- Generation Time: Apr 11, 2014 at 10:53 PM
-- Server version: 5.6.15-log
-- PHP Version: 5.4.24

SET SQL_MODE = "NO_AUTO_VALUE_ON_ZERO";
SET time_zone = "+00:00";


/*!40101 SET @OLD_CHARACTER_SET_CLIENT=@@CHARACTER_SET_CLIENT */;
/*!40101 SET @OLD_CHARACTER_SET_RESULTS=@@CHARACTER_SET_RESULTS */;
/*!40101 SET @OLD_COLLATION_CONNECTION=@@COLLATION_CONNECTION */;
/*!40101 SET NAMES utf8 */;

--
-- Database: `customerorder`
--

-- --------------------------------------------------------

--
-- Table structure for table `clients`
--

CREATE TABLE IF NOT EXISTS `clients` (
  `clientid` int(10) unsigned NOT NULL AUTO_INCREMENT,
  `name` varchar(150) NOT NULL,
  `email` varchar(150) DEFAULT NULL,
  `phone` varchar(50) DEFAULT NULL,
  PRIMARY KEY (`clientid`)
) ENGINE=InnoDB  DEFAULT CHARSET=utf8 AUTO_INCREMENT=493 ;

--
-- Dumping data for table `clients`
--

INSERT INTO `clients` (`clientid`, `name`, `email`, `phone`) VALUES
(1, 'ANA BUT', NULL, '30295044'),
(2, 'Lisandra', NULL, '92677595'),
(3, 'Paulo Hübbe', NULL, '33334448'),
(5, 'Fabrizia Faulhaber', NULL, '84088737'),
(6, 'Jorge Has', NULL, '99623198'),
(7, 'Angela', NULL, '30131357'),
(8, 'Ana Laura', NULL, '91236888'),
(9, 'Adriana Cruz', NULL, '99532347'),
(10, 'Marli Weber', NULL, '99942624'),
(11, 'Maria Helena Letti', NULL, '33286554'),
(12, 'Solange Fração', NULL, '30196255'),
(14, 'Raquel Sinigaglia', NULL, NULL),
(15, 'Laura Rinaldi', NULL, NULL),
(16, 'Nelson', NULL, '96554343'),
(17, 'Mariana Renner', NULL, '81221826 -'),
(18, 'Paula', NULL, '92462758'),
(19, 'Jose Augusto', NULL, '91288790'),
(20, 'Odete', NULL, '99736882  33310370  '),
(21, 'Claudia', NULL, '96612858'),
(22, 'Bruna', NULL, '81647405'),
(23, 'Alda', NULL, '82162513'),
(24, 'Bernadete Mallmann', NULL, '33328608'),
(25, 'Diana Matzum', NULL, '99796316'),
(26, 'Suzana Zaffari', NULL, '33252569'),
(27, 'Augusto Nacul', NULL, '99172738'),
(28, 'Marcia Boettcher', NULL, '81111150'),
(29, 'Ines Trennepohl', NULL, '92519958'),
(30, 'Raquel Zaffalon', NULL, '99116565'),
(31, 'Maria Cecilia ', NULL, '99621522'),
(32, 'Claudia (Madalena)', NULL, NULL),
(33, 'Leticia Emer', NULL, '97128216'),
(34, 'Jeferson Nunes', '30284313', '99857250'),
(35, 'Lessandra', NULL, '81118778'),
(36, 'Fernanda Pilla', NULL, '91552121'),
(37, 'Simara Araujo', NULL, '96592561'),
(38, 'Sonia', NULL, '21034920'),
(39, 'Suzana Carvalho', NULL, '99814720'),
(40, 'Ana Elisa', NULL, '99530227'),
(41, 'Cristina Rinaldi', NULL, NULL),
(42, 'Claudia', NULL, '33320671'),
(43, 'Sinara Kiefer', NULL, '99820552'),
(44, 'João Pedro', NULL, '33286012'),
(45, 'Luciane Mergel', NULL, '92711550'),
(46, 'Lisa Costa', NULL, '99796203'),
(47, 'Ana Beatriz', NULL, '84528220'),
(48, 'Angela', NULL, '94240848'),
(49, 'Oscar', NULL, '91126000'),
(50, 'Carolina Farias Lopes', NULL, '99017808'),
(51, 'Lucia Sanzi', NULL, '96836028'),
(52, 'Neusa Froes', NULL, '91236847 - 33886847'),
(53, 'Cristina Gusmão', NULL, '91898971'),
(54, 'Raquel Cunha', NULL, '98067755'),
(55, 'Karen', NULL, '99778604  33331412'),
(56, 'Neusa Collvini', NULL, '30239254'),
(57, 'Cristina Domingues', NULL, '99856639  33317645'),
(58, 'Jorge Seibt', NULL, '33305886'),
(59, 'Dra Mina', NULL, NULL),
(60, 'Marta Tartari', NULL, '93416377  30625546'),
(61, 'Magda Duarte', NULL, '99157515  33337971'),
(62, 'Laura Gomez', NULL, '99462836'),
(63, 'Luzia - Alambique', NULL, '98060961'),
(64, 'Livia Bortoncelo', NULL, '91880970  33422600'),
(65, 'Pimenta Rosa', NULL, '30243233'),
(66, 'Luiz Potter', NULL, '93263203'),
(67, 'Angela - Casaquinho', 'Av Alegrete 507/701', '33308440'),
(68, 'Marta Soares', NULL, '91238000'),
(69, 'Virginia Martineski', NULL, '92916060'),
(70, 'Claudia Leal', NULL, '91548363'),
(71, 'Maria Luiza', NULL, '91171740  33321740'),
(72, 'Lucia Fiorin', NULL, NULL),
(73, 'Ligia Betineli', NULL, '30138565'),
(74, 'Carol - salão', NULL, NULL),
(75, 'Clarice  Giguer', NULL, '99873733'),
(76, 'Fabiana Betoni', NULL, '93031503'),
(77, 'Simone - Janete', NULL, '99854420  - 33331896'),
(78, 'Ane', NULL, '99117200'),
(79, 'Daniele Sorio', NULL, '98088234'),
(80, 'Luciane - Clínica', NULL, '33282170'),
(81, 'Sandra Silva', NULL, '97074073'),
(82, 'Janete - Simone', NULL, '99854420 - 33331896'),
(83, 'Idelurdes Santos', NULL, '99814729'),
(84, 'Flávia - Gravata', NULL, '92670976'),
(85, 'Maria Alice', NULL, '33310683'),
(86, 'Bauer', NULL, '33256133'),
(87, 'Rafaela', NULL, '81823100'),
(88, 'Mercedes - agnes', NULL, '99932371'),
(89, 'Diana ', NULL, '99963003  33320951'),
(90, 'Cristina Justo', NULL, NULL),
(91, 'Cristina', NULL, '99877186'),
(92, 'Carmen Cardoso', NULL, '81248528'),
(93, 'Cristina Botin', NULL, '84021907'),
(94, 'Angela  - Vestido', NULL, NULL),
(95, 'Ana Brenner', NULL, '33431083'),
(96, 'Maria Helena', NULL, '33660444'),
(97, 'Josete', NULL, '84450724'),
(98, 'Marcos Araujo', NULL, '84418441'),
(99, 'Erica - Pedro Ivo', NULL, '37799527'),
(100, 'Claudio - Helena', NULL, NULL),
(101, 'Helena Rangel', NULL, '33331130'),
(102, 'Mariza Teruchky', NULL, '99595351'),
(103, 'Taines Eckert', NULL, '32076957'),
(104, 'Ana Paula Suplicy', NULL, '91145668'),
(105, 'Ana Paula', NULL, '92428072'),
(106, 'Roberto Madri', NULL, '91555533'),
(107, 'Beatriz Malmann', '99017981', NULL),
(108, 'Rogério Arquit', NULL, '99858791'),
(109, 'Marli Batista', NULL, '99858791'),
(110, 'Nara - Casaco', NULL, '99182025'),
(111, 'Maura', NULL, '99748894'),
(112, 'Simone Santana', NULL, '99364460  33338100'),
(113, 'Mirela Melo', NULL, '33324734'),
(114, 'Lizete Leon Machado', NULL, '30191630'),
(115, 'Gabriela Azambuja', NULL, '81994262'),
(116, 'Claudia Miranda', NULL, '99731353'),
(117, 'Carolina Zanatta', NULL, '98073587'),
(118, 'Isabel Caprora', NULL, '33436015'),
(119, 'Mari Cassanello', NULL, '33327844'),
(120, 'Regina Faller', NULL, '91556718 33335570'),
(121, 'Ricardo Pedry', NULL, '93188131'),
(122, 'Iracema Rubim', NULL, '33325392'),
(123, 'Marcelo Carvalho', NULL, '99821769'),
(124, 'Luiza Casa', NULL, '33325398'),
(125, 'Enedina Lunardi', NULL, '98069769'),
(126, 'Giane Pontes', NULL, NULL),
(127, 'Ieda Luyet', NULL, '32114715'),
(128, 'Lea  - Mina', NULL, '99816318'),
(129, 'Naima - Barbie', NULL, '30723461'),
(130, 'Claudia Muhlen', NULL, '96501303'),
(131, 'Camila Hendz', NULL, '92905613  33431252'),
(132, 'Vania Pedrote', NULL, '81003269'),
(133, 'Deise Machado', NULL, '99839679'),
(134, 'Natalia - Pijamas', NULL, NULL),
(135, 'Vera Santos', NULL, NULL),
(136, 'Dirce Camargo', NULL, '93653573'),
(137, 'Renata Homrich', NULL, '34073439'),
(138, 'Adriana Schneider', NULL, '33433850'),
(139, 'Bia Bauerman', NULL, '92796815'),
(140, 'Lisiane Dias', NULL, '93030983'),
(141, 'Marcos Caldart', NULL, '91137504'),
(142, 'Fernanda Kiomka', NULL, '81100322'),
(143, 'Maria Luiza Baggio', NULL, '33315644'),
(144, 'Berta - isdralit', NULL, '93641602  33324901'),
(145, 'Fernanda Carvalho', NULL, '99790805'),
(146, 'Sara Cunha', NULL, '33337759'),
(147, 'Aldaci', NULL, '91887872  33313921'),
(148, 'Tatiana Goes', NULL, '99547964'),
(149, 'Marcio - Cama cachorro', NULL, NULL),
(150, 'Iraci Zanatta', NULL, '99819506'),
(151, 'Claudio Lidecke', NULL, '33334972'),
(152, 'Maria Helena - 3070', NULL, '82260643'),
(153, 'Heloisa Leao', NULL, '99856580'),
(154, 'Viviane Petersen', NULL, '93228738'),
(155, 'Marco Aurelio', NULL, '99749898'),
(156, 'Roberto Heberle', NULL, NULL),
(157, 'Elisa Nunes', NULL, '92400449  37377203'),
(158, 'Aline Selistre', NULL, '81468356'),
(159, 'Roselaine Machado', NULL, '98520181'),
(160, 'Samanta Bertei', NULL, '33309077'),
(161, 'Pedro Haas', NULL, '33335259'),
(162, 'Daniela Canboin', NULL, '99378539'),
(163, 'Beatriz Frasca', NULL, '33307054'),
(164, 'Maria Cecilia Leal', '33830176', '92511657 '),
(165, 'Lurdes Bernadon', NULL, '32075220'),
(166, 'Luiza Casa', NULL, '33325398'),
(167, 'Cristiano Diniz', NULL, '81825050'),
(168, 'Denise Galhi', NULL, '99576678'),
(169, 'Enedina Lunardi', NULL, '98069769'),
(170, 'Michele', NULL, NULL),
(171, 'Ione', NULL, '91050862 33304490'),
(172, 'Natalia Santos', NULL, '81477400'),
(173, 'Renata ', NULL, NULL),
(174, 'Newton Drumond', NULL, '91894100'),
(175, 'Tatiana Constantino', NULL, '98114100'),
(176, 'Paulo Homrrich', NULL, '34073439'),
(177, 'Marta Vellinho', NULL, '85994982  33308382'),
(178, 'Rosaura Botin', NULL, '33312918'),
(179, 'Carolina Vellinho', NULL, '85994980'),
(180, 'Luciana Dutra', NULL, '37370947'),
(181, 'Ibo', NULL, '81243483'),
(182, 'Clarice Soares', NULL, '33310906'),
(183, 'Julio Chagas', NULL, '21032701'),
(184, 'Aline  Sabka', NULL, '96277070'),
(185, 'Ana Dutra', NULL, '33286575'),
(186, 'Lisete Leoni', NULL, '30191630'),
(187, 'Maria Rita Lemos', NULL, '99530631'),
(188, 'Maria Lucia Boff', NULL, '99660714'),
(189, 'Leticia Semensato Rosa', NULL, '93456556'),
(190, 'Jose Carlos Fernandes', NULL, '92980888'),
(191, 'Gladimir', NULL, '33212100'),
(192, 'Jordana Matzum', NULL, '99796316'),
(193, 'Lauriza Bastos', NULL, '91170257  33329254'),
(194, 'Sandra Chaves Barcellos', NULL, '99682553  33321560'),
(195, 'Lisiana kiling', NULL, '96412096'),
(196, 'Vera Bairros', NULL, '81148520'),
(197, 'Tania Cunha', NULL, '91217354'),
(198, 'Carlos Moraes', NULL, '99331724'),
(199, 'Carlos Moraes', NULL, '99331724'),
(200, 'Neveci', NULL, '32210567'),
(201, 'Geni Martins', NULL, '81647405'),
(202, 'Lucia Aiquel', NULL, '33302703'),
(203, 'Simone Faertes', NULL, '84134567'),
(204, 'Tiago', NULL, '91107809'),
(205, 'Vera Lucia Altenhofen', NULL, '99586831'),
(206, 'Lais Cavalheri', NULL, '99681816  32220062'),
(207, 'Lais Cavalheri', NULL, '99681816  32220062'),
(208, 'Rosa', NULL, '32094757'),
(209, 'Natasha oliveira', NULL, '91122303'),
(210, 'Camila Oto', NULL, '33309735'),
(211, 'Rafael Rahde', NULL, '99889174'),
(212, 'Gladis Berlato', NULL, '33886848'),
(213, 'Jorge Trindade', NULL, '99769271'),
(214, 'Rosa Gershenson', NULL, '91131366'),
(215, 'Gloria Teles Silva', NULL, '91226045'),
(216, 'Marlei Eifler', NULL, '33887443'),
(217, 'Regina Resmine', NULL, '91641129'),
(218, 'Maira Renck', NULL, '78120344'),
(219, 'Cristina Silva', NULL, '33332206'),
(220, 'Fernanda - echarp', NULL, '92977779  37790865'),
(221, 'D Rosinha', NULL, NULL),
(222, 'Gabriel Gusmão', NULL, '98898970'),
(223, 'Alice Frainer', NULL, '93336484'),
(224, 'Eder Brum', NULL, '98739841'),
(225, 'Carla Ruffonni', NULL, '92464739'),
(226, 'Carmem W Silva', NULL, '33333705'),
(227, 'LAURA MARTINS', NULL, '82892222'),
(228, 'Renata ###', NULL, '92987657'),
(229, 'Rosangela Rinoli ###', NULL, '99683235'),
(230, 'Petula Silveira', NULL, '81111216'),
(231, 'Eduardo Flach', NULL, '92387427'),
(232, 'Silvana Guerra', NULL, '82182373'),
(233, 'Rafael Nunes', NULL, '99969997'),
(234, 'Lucas Matturro', NULL, '98687488'),
(235, 'Marina', NULL, '8224845'),
(236, 'Iagoda', NULL, '81011818'),
(237, 'Bianca Schmitd', NULL, '92421309'),
(238, 'Ana Carolina Costa', NULL, '99771116'),
(239, 'Paula Muller', NULL, '92816403  33304555'),
(240, 'Liane Caldart', NULL, '91137504'),
(241, 'Daniel Cognato', NULL, '44204404'),
(242, 'Leda - Daniela', NULL, '33329620'),
(243, 'Anaide Machado', NULL, '32734500'),
(244, 'Dalva', NULL, '99941202'),
(245, 'Luiz Roberto Ortiz', NULL, '99015306'),
(246, 'Murilo', 'eudoro berlink 1146/202', '84080462'),
(247, 'Aline Caetano', NULL, '93180938'),
(248, 'Paulo - Coma bem', NULL, NULL),
(249, 'Sheila Martins', NULL, '99628467'),
(250, 'Sheila Martins', NULL, '99628467'),
(251, 'Lauren Altenhofen', NULL, '96565336'),
(252, 'Luiza - bermuda', NULL, '98046286  33925032'),
(253, 'Eloana Martins', NULL, '92796479'),
(254, 'Fernanda Oliveira Silva', NULL, '98807680'),
(255, 'Miriam Pizzato', NULL, '91272964'),
(256, 'Maria Alice - carioca', NULL, '37370908'),
(257, 'Neiva Otero', NULL, '98060520'),
(258, 'Maria de Fátima', NULL, '30195957'),
(259, 'Tania Costa', NULL, '33286373'),
(260, 'Camila Alegrete', NULL, '99992905'),
(262, 'Aurea Silveira', NULL, '91929980'),
(263, 'Isabel Gomes Costa', NULL, '33912832'),
(264, 'Miriam Capesingui', NULL, '91493302'),
(265, 'Meira', NULL, '81892866'),
(266, 'Rose Zardo', NULL, '81284433'),
(267, 'Leonardo Zambrano', NULL, '85212582 33329254'),
(268, 'Mauro Muratori', NULL, '35333430'),
(269, 'Nelson Oliveira', NULL, '99873693'),
(270, 'Marta Shell Soares', NULL, '91238000'),
(271, 'Maria Regina Teixeira', NULL, '98088358'),
(272, 'Flavia Venturela', NULL, '99812123  32761827'),
(273, 'ANTONIO GABIATO', NULL, '84403558'),
(274, 'LUCIANE HAAS', NULL, '99943645'),
(275, 'Fernanda Rubin', NULL, '99612164'),
(276, 'MARIETA SIMCH', NULL, '92621990'),
(277, 'ELISA FALLER', NULL, '33335570'),
(278, 'DEBORA CESTARI', NULL, '96080049'),
(279, 'SUZANA BUCHABKUI', NULL, '33315970'),
(280, 'CLAUDIA LIRA', NULL, '92638099'),
(281, 'RAISSA MARKOSKI', NULL, '98108288'),
(282, 'DEBORA VIEIRA', NULL, '98982693'),
(283, 'GESSI JESUS BARCELOS', NULL, '92331005'),
(284, 'LUIZA SCHMIDT', NULL, '93140581'),
(285, 'ANDREA ARGENTA', NULL, '99545121'),
(287, 'TANIA - MANEQUINS', NULL, '99814729'),
(288, 'ARAUJO O', NULL, '33302754'),
(289, 'CAMALEÃO', NULL, NULL),
(290, 'SUZANA BRAGA', NULL, '91632249'),
(291, 'ANDREA RIBEIRO', NULL, '33923026'),
(292, 'TANIA FONSECA', NULL, '33285350'),
(293, 'Doris Petry', NULL, '99497579'),
(294, 'PATRICIA CERVI', NULL, '99332775'),
(295, 'VALDIR', NULL, '84982446'),
(296, 'MARIA TEREZA', NULL, NULL),
(297, 'GABRIELA', NULL, '92543369'),
(298, 'SIRLEI', NULL, '81959013'),
(299, 'VIVIANE', NULL, '81475806'),
(300, 'MARLEI PAIM', NULL, '99766066  33435085'),
(301, 'CRISTINA', NULL, '33309103'),
(302, 'VALQUIRIA', NULL, '99095882'),
(303, 'INES', NULL, '99110176'),
(304, 'EDSON GOULART', NULL, '95152510'),
(305, 'NADIA BASTOS', NULL, '99695680'),
(306, 'GUSTAVO JUSTO', NULL, '99334542'),
(307, 'ANGELA MALUF', NULL, '92778093  33426413'),
(308, 'Edna Silva', NULL, '99994533'),
(309, 'ANGELA - ROBERTA', NULL, '81823636'),
(310, 'DANIELA SIECZKOWSKI', NULL, '97827407  30620622'),
(311, 'ANA MEDEIROS', NULL, '81824795'),
(312, 'MONICA RUSSOMANO', NULL, '84196638'),
(313, 'SONIA SALDANHA', NULL, '33305027'),
(314, 'ADRIANE BRAGANÇA', NULL, '81159179'),
(315, 'ROSE CALDEIRA', NULL, '91719149'),
(316, 'DENISE JONG', NULL, '91042627 37796271'),
(317, 'FABIANE SCHILLING', NULL, '99998550  32117536'),
(318, 'LUCIA CASA', NULL, '33722868'),
(319, 'IRENE MARIA', NULL, '33320149'),
(320, 'Ricardo Kroeff', NULL, '93448710'),
(321, 'Betina Helvadjian', NULL, '99538436'),
(322, 'Cleide Marin', NULL, '33281552'),
(323, 'Sonia Sobierajski', NULL, '30281889'),
(324, 'Luiza Mallmann', NULL, NULL),
(325, 'Dalva Silveira', NULL, '99510939'),
(326, 'Dna Mercedes', NULL, '98088230'),
(327, 'Maria Helena - barra ', NULL, '81559745'),
(328, 'Adriana Braga', 'adrinhabraga@hotmail.com', '81169662'),
(329, 'Fernanda Bauer', NULL, '99612644'),
(330, 'Claudia Etchepare', NULL, '96612858'),
(331, 'Silvana Pedroti', NULL, '81168219'),
(332, 'Monica Kreling', NULL, '99489448  33087478'),
(333, 'Daniele Lau', NULL, '91518585'),
(334, 'Roberta Obelheiro', NULL, '92491904'),
(335, 'Delene Galtol', NULL, '92088589'),
(336, 'Cintia Petry', NULL, '54 91725884'),
(337, 'Eliza Dios', NULL, '92160666'),
(338, 'Julia Lubianca', NULL, '99980651'),
(339, 'Daniel Schmitd', NULL, '93138255'),
(340, 'Lira Rahde', NULL, '33307408'),
(341, 'Marisol de Rose', NULL, NULL),
(342, 'Maribel Gutierrez', NULL, '99649337'),
(343, 'Elsa Mundstock', NULL, '33329282'),
(344, 'Isabel Marshal', NULL, '93615434'),
(345, 'Aline ( Leal)', NULL, '99790451'),
(346, 'Eliane Donadel', NULL, '99888848'),
(347, 'Ana Rita Caldart', NULL, '91137504'),
(348, 'Luiz Armando Leal', NULL, '92511657 (esposa)'),
(349, 'Jordana Torres', NULL, '92839768'),
(350, 'Jordana Torres', NULL, '92839768'),
(351, 'Tania Goulart', NULL, '95152510'),
(352, 'Rosane Dal Bello', '33332332', '98084737'),
(353, 'Sandra Boff', NULL, '99595999'),
(354, 'Kettlin Kamile', NULL, '82744856'),
(355, 'Davis Oliveira', NULL, '91182888'),
(356, 'Joana Brasil', NULL, '92459605'),
(357, 'Michele Catem', NULL, '81641592'),
(358, 'Neusa Matte', NULL, '97129600'),
(359, 'Carlos Smitd', '33116393', '81673031'),
(360, 'Patricia Colto', NULL, '98285310'),
(361, 'Ceres Dihl', NULL, '91140218'),
(362, 'Cecilia Broilo', NULL, NULL),
(363, 'Isabel Benevides', NULL, '81447608'),
(364, 'Franklin', NULL, '81003346'),
(365, 'Nara Finco', NULL, '99182025'),
(366, 'Jane Dorneles', NULL, '33881503'),
(367, 'Amanda Micheline', NULL, '99984747'),
(368, 'Dercia Vieira', NULL, '81219345'),
(369, 'Marijane - Pimenta', NULL, '93264942'),
(370, 'Rina Palermo', NULL, '99594449'),
(371, 'Greice Ribeiro', NULL, '92878200'),
(372, 'Ricardo Dal Santo', NULL, '92254650'),
(373, 'Estela', NULL, NULL),
(374, 'Isabel Diefenthaeler', NULL, '99686768'),
(375, 'Maria Luiza - sainha', NULL, '33381068'),
(376, 'Andrea - Nilo', NULL, '99656102'),
(377, 'Alaide Almeida', NULL, '33324928'),
(378, 'Zulmir Tres', NULL, '30129898'),
(379, 'Mariana Buchabqui', NULL, '93123090'),
(380, 'Jessica Lange', NULL, '92568182'),
(381, 'Michele - salão', NULL, NULL),
(382, 'Renata Busnello', NULL, '99981500'),
(383, 'Julinha', NULL, '32091397'),
(384, 'Cristina Paiva', NULL, '99449059'),
(385, 'Luciane Silveira', NULL, '8855883'),
(387, 'Ana Luiza Tolentino', NULL, '93611817'),
(388, 'Irene Branschtein', NULL, '91635611'),
(389, 'Leoni', NULL, '33330288'),
(390, 'Artemio Grendene', NULL, '33310626'),
(391, 'Zuleica Welter', NULL, '93338111'),
(392, 'Paulo - motorista', NULL, '99127095'),
(393, 'Iara Viana', NULL, '99184488'),
(394, 'Ines Grochau', NULL, '33331278'),
(395, 'Selma Carvalho', NULL, '99662543'),
(396, 'Gabriela Lorenzeti', NULL, '97806649'),
(397, 'Andrea Ruther', '33917266', '81816666'),
(398, 'Claudia Gayer', NULL, '98415157'),
(399, 'Corina Loureiro', NULL, '99621221'),
(401, 'Marta Martins', NULL, '91288794'),
(402, 'Lavanderia', NULL, NULL),
(403, 'Enaide  Hilgert', NULL, '33984855'),
(404, 'Raquel Garcia', NULL, '99169699'),
(405, 'Ricardo Sampaio', NULL, '99743317'),
(406, 'Tita Eckert', NULL, '33213221'),
(407, 'Carla Bauermann', NULL, '98489891'),
(408, 'Ricardo Guedes', NULL, '81919394'),
(409, 'Gilnei Schmes', NULL, '96660828'),
(410, 'Ana Monteiro', NULL, '91424660'),
(411, 'Evanir Casarin', '33320697', '99888008'),
(412, 'Zê', NULL, NULL),
(413, 'Beatriz Castro', '33330746', '96824474'),
(414, 'Miriam  Viladino', NULL, '99620274'),
(415, 'Fernanda Blazing', NULL, '85576287'),
(416, 'Cristina Muller', NULL, NULL),
(417, 'Vania Fraga', NULL, '98361712'),
(418, 'Rosane Machado', NULL, '85357499'),
(419, 'Vitoria Castro', NULL, '55 81142134'),
(420, 'Anandria', NULL, NULL),
(421, 'Adriana Ribas', NULL, '99974320'),
(422, 'Sheila karst', NULL, '34074784'),
(424, 'Geisa Smionovski', NULL, '99816867'),
(425, 'Carmem Oliveira', NULL, '99829445'),
(426, 'Ana Beatriz - davi', NULL, NULL),
(427, 'Eduardo Becker', NULL, '96726657'),
(428, 'Elisa possera', NULL, '33331490'),
(429, 'Monica Rossi', NULL, '81828177'),
(430, 'Renata Heit', NULL, '98324995'),
(431, 'Enio Dettner', NULL, '33371189'),
(432, 'Suzana Farias', NULL, '30262894'),
(433, 'Suzana Farias', NULL, '30262894'),
(434, 'Daniela Pedroso', NULL, '82054843'),
(435, 'Otavia Malmann', '33287774', '98055183'),
(436, 'Paula Emilia', '32958014', '99877185'),
(437, 'Alberto Rasia Filho', NULL, '91161643'),
(439, 'Lisandra Betoreti', NULL, '92677595'),
(440, 'Jane - Miriam Schneider', NULL, '99138685'),
(441, 'Marilia Fayh', NULL, '93193373'),
(442, 'Ivete Weber', NULL, '98058292'),
(443, 'Thomas Testa', NULL, '99681682'),
(444, 'Luiza Schmidt - madalena', NULL, '95448866'),
(445, 'Paula Reali', NULL, '81823131'),
(446, 'D Terezinha', NULL, NULL),
(447, 'Jorge Clausen', NULL, '91743416'),
(448, 'Sueli Peressone', '33882238', '81813333'),
(449, 'Ana Sarmento', NULL, '93264605'),
(450, 'Marcia Bier', NULL, '30268646'),
(451, 'Maria Luiza #####', NULL, '99990946'),
(452, 'Maria Amelia', NULL, '81829556'),
(453, 'Susi Bicca', NULL, '97192721'),
(454, 'Lilian Schinato', NULL, '33331359'),
(455, 'Bruna Silva', NULL, '96583636'),
(456, 'Karina da Silva', NULL, '81087506'),
(457, 'Zilvia', NULL, '81387713'),
(458, 'Zenaide ', NULL, NULL),
(459, 'Sandra Bulegon', NULL, '91183448'),
(460, 'Maria Salete', NULL, '93718717'),
(461, 'Bianca Farinha', NULL, '99089191'),
(462, 'Luiza Martins', NULL, '81801455'),
(463, 'Elir Travi', NULL, '33214868'),
(464, 'Milene Santos', NULL, '98776777'),
(465, 'Marcia Zell', NULL, '99614793'),
(466, 'Claudio Nisho', NULL, '93344038'),
(467, 'Janete Ravagio', NULL, NULL),
(468, 'Marilia Holst', NULL, '97315747'),
(469, 'Zilma', NULL, '33331809'),
(470, 'Maria Lucia Freitas', NULL, '33436843'),
(471, 'Claudia Sehbe', NULL, '85999998'),
(472, 'Viviane Andrade', NULL, '99622277'),
(473, 'Iascara', NULL, '30618198'),
(474, 'Juliano Melmick', '30169002', '99610771'),
(475, 'Roberta Lambert', NULL, '82423676'),
(476, 'Namir Witkoski', NULL, '30246853'),
(477, 'Andrea Maciel', NULL, '84138018'),
(478, 'Andrea Maciel', NULL, '84138018'),
(479, 'Susi Obaldo', NULL, NULL),
(480, 'Lucia Maschke', NULL, NULL),
(481, 'Jenny Axelrud', NULL, '33340287'),
(482, 'Rosa Friadera', NULL, '91176571'),
(483, 'Amanda Schneider', NULL, '98127821'),
(484, 'Sonia Ferreira', NULL, '99666909'),
(485, 'Maria Luiza Dias Castro', '33321740', '91171740'),
(486, 'Olga Maheb', '33332453', '92264443'),
(487, 'Graciela', NULL, '30232053'),
(488, 'Mariana Brinmaden', NULL, '93227317'),
(489, 'Marta Schlinchting', NULL, '9968'),
(490, 'Bete Scliar', NULL, NULL),
(491, 'Rose Sigmann', NULL, '92610117'),
(492, 'Lia Duarte', '81898584', '82122800');

-- --------------------------------------------------------

--
-- Table structure for table `orders`
--

CREATE TABLE IF NOT EXISTS `orders` (
  `orderid` int(10) unsigned NOT NULL AUTO_INCREMENT,
  `clientid` int(10) unsigned NOT NULL,
  `description` text,
  `request_date` datetime DEFAULT NULL,
  `delivery_date` datetime DEFAULT NULL,
  `ready_date` datetime DEFAULT NULL,
  `value` float(10,2) DEFAULT NULL,
  `cost` float(10,2) DEFAULT NULL,
  `owner_old` varchar(150) DEFAULT NULL,
  `delivered` tinyint(1) NOT NULL DEFAULT '0',
  `ready` tinyint(1) NOT NULL DEFAULT '0',
  `ownerid` int(10) DEFAULT NULL,
  PRIMARY KEY (`orderid`),
  KEY `fk_order_client` (`clientid`),
  KEY `fk_order_owner` (`ownerid`)
) ENGINE=InnoDB  DEFAULT CHARSET=utf8 AUTO_INCREMENT=725 ;

--
-- Dumping data for table `orders`
--

INSERT INTO `orders` (`orderid`, `clientid`, `description`, `request_date`, `delivery_date`, `ready_date`, `value`, `cost`, `owner_old`, `delivered`, `ready`, `ownerid`) VALUES
(1, 1, 'Reparo em 1 lençol e diminuir 2 fronhas', '2012-07-02 00:00:00', '2012-07-11 00:00:00', NULL, 25.00, NULL, NULL, 1, 1, NULL),
(2, 2, 'Camisa reparo em baixo dos braços e camisola reparo na manga.', '2012-06-26 00:00:00', '2012-07-02 00:00:00', NULL, 15.00, NULL, 'ok', 1, 0, NULL),
(3, 3, 'ziper bolso interno jaqueta', '2012-06-28 00:00:00', '2012-07-02 00:00:00', NULL, 30.00, NULL, NULL, 1, 0, NULL),
(5, 3, 'Aumentar bolso casaco e barra calça', '1012-07-02 00:00:00', '2012-07-09 00:00:00', NULL, 32.00, NULL, NULL, 1, 1, NULL),
(6, 5, '3 casacos - mangas\r\n2 casaquinhos mangas\r\n1 pijama - barra e manga\r\n2 casaquinhos mangas', '2012-07-02 00:00:00', '2012-07-11 00:00:00', NULL, 140.00, NULL, NULL, 1, 0, NULL),
(7, 6, '8 calças ajuste\r\n2 retornos\r\nmais 1 calça jeans - ziper (já entregue', '2012-06-01 00:00:00', '2012-07-31 00:00:00', NULL, 135.00, NULL, NULL, 1, 1, NULL),
(8, 7, 'Top. barra', '2012-06-01 00:00:00', '2012-07-01 00:00:00', NULL, 12.00, NULL, 'ok', 1, 0, NULL),
(9, 8, 'tirar drapeado do vestido p/ usar separado', '2012-06-13 00:00:00', '2012-06-22 00:00:00', NULL, 25.00, NULL, 'ok', 1, 0, NULL),
(10, 9, 'Várias peças - barras - ajustes', '2012-06-01 00:00:00', '2012-06-22 00:00:00', NULL, 45.00, NULL, 'ok', 1, 0, NULL),
(11, 10, '1 camisas baixar colarinho', '2012-07-03 00:00:00', '2012-07-11 00:00:00', NULL, 20.00, NULL, NULL, 1, 0, NULL),
(12, 11, 'Casaco - Gola', '2012-06-01 00:00:00', '2012-07-03 00:00:00', NULL, 15.00, NULL, NULL, 1, 0, NULL),
(13, 12, '1 ziper calça\r\n1 casaco diminuir a manga', '2012-07-03 00:00:00', '2012-07-11 00:00:00', NULL, 35.00, NULL, NULL, 1, 1, NULL),
(15, 14, 'Saia diminuir cintura\r\ncalça barra', '2012-07-02 00:00:00', '2012-07-05 00:00:00', NULL, 30.00, NULL, 'ok', 1, 0, NULL),
(16, 15, 'Vestido barra', '2012-07-03 00:00:00', '2012-07-11 00:00:00', NULL, 30.00, NULL, 'Cleusa', 0, 1, 1),
(17, 16, 'Calça - soltar cós\r\ncasacos - reparos', '2012-07-03 00:00:00', '2012-07-11 00:00:00', NULL, 25.00, NULL, NULL, 1, 1, NULL),
(18, 17, '7 peças\r\n2 calças - barra\r\ncasaco - pressão não foi p Cleusa\r\ncasaco verde encurtar\r\n3 camisas encurtar manter a forma na rosa e verde', '2012-07-02 00:00:00', '2012-07-10 00:00:00', NULL, 85.00, NULL, 'Cleusa', 1, 1, 1),
(19, 18, 'calça - barra e ajuste', '2012-06-21 00:00:00', '2012-07-03 00:00:00', NULL, 25.00, 25.00, NULL, 1, 0, NULL),
(20, 19, 'Calça - reparo cós e ziper.', '2012-07-03 00:00:00', '2012-08-17 00:00:00', NULL, 10.00, NULL, NULL, 1, 1, NULL),
(21, 20, '3 camisas ajuste', '2012-07-02 00:00:00', '2012-07-10 00:00:00', NULL, 60.00, NULL, 'Cleusa', 1, 0, 1),
(22, 21, 'cortinas - 73cm encurtar sem cortar\r\ncolocar argolas ganchos no branco', '2012-07-03 00:00:00', '2012-07-10 00:00:00', NULL, 50.00, NULL, NULL, 1, 0, NULL),
(23, 22, '1 vestido ajuste 15,00\r\n1 calça c ajuste 15,00\r\n1 bermuda - 25,00\r\n1 saia cortar 10,00', '2012-07-03 00:00:00', '2012-07-10 00:00:00', NULL, 65.00, NULL, NULL, 1, 1, NULL),
(24, 23, 'Casacão reforma', '2012-06-12 00:00:00', '2012-07-01 00:00:00', NULL, 50.00, NULL, 'ok', 1, 0, NULL),
(25, 24, '1 calça - tirar sobras do forro overlocar\r\n2 calças - ajuste', '2012-07-03 00:00:00', '2012-07-12 00:00:00', NULL, 30.00, NULL, NULL, 1, 1, NULL),
(26, 24, '2 pijamas trocar elástico', '2012-06-01 00:00:00', '2012-07-03 00:00:00', NULL, 20.00, NULL, NULL, 1, 0, NULL),
(27, 25, '3 barras\r\n1 saia retorno', '2012-07-03 00:00:00', '2012-07-10 00:00:00', NULL, 36.00, NULL, NULL, 1, 1, NULL),
(28, 26, '8 camisetas - barra\r\nrobe - manga\r\ncamisola - encurtar\r\nsaia preta\r\ncasaquinho - frente\r\nvestido cortar e fazer cinto', '2012-07-26 00:00:00', '2012-07-03 00:00:00', NULL, 165.00, NULL, 'ok', 1, 0, NULL),
(29, 27, '7 peças - ajustes', '2012-07-03 00:00:00', '2012-07-17 00:00:00', NULL, 95.00, NULL, 'Cleusa', 1, 1, 1),
(30, 28, '2 calças ajuste e elástico', '2012-07-03 00:00:00', '2012-07-11 00:00:00', NULL, 25.00, NULL, NULL, 1, 0, NULL),
(31, 29, 'casaco reparo manga', '2012-07-04 00:00:00', '2012-07-12 00:00:00', NULL, 15.00, NULL, NULL, 1, 0, NULL),
(32, 30, '1 vestido - alça e ajuste', '2012-07-04 00:00:00', '2012-07-12 00:00:00', NULL, 15.00, NULL, NULL, 1, 1, NULL),
(34, 31, '1 calça ajuste', '2012-07-04 00:00:00', '2012-07-12 00:00:00', NULL, 20.00, NULL, NULL, 1, 1, NULL),
(35, 32, '2 pijamas - barra \r\n+ 6 peças  \r\nblusa preta alça', '2012-07-04 00:00:00', '2012-07-06 00:00:00', NULL, 70.00, NULL, NULL, 1, 0, NULL),
(36, 33, '3 barras - 12 = 36\r\n1 barra 15\r\n1 ajuste 15\r\n1 casaco 40', '2012-07-04 00:00:00', '2012-07-12 00:00:00', NULL, 106.00, NULL, 'Cleusa', 1, 1, 1),
(37, 34, '3 barras - 24 + 15\r\n1 calça - ajuste e barra 30\r\n', '2012-07-04 00:00:00', '2012-07-12 00:00:00', NULL, 69.00, NULL, 'Cleusa', 1, 0, 1),
(38, 35, '1 vestido - barra 4 cm ou 4 dedos', '2012-07-04 00:00:00', '2012-07-09 00:00:00', NULL, 20.00, NULL, NULL, 1, 1, NULL),
(39, 36, '2 calças - barra', '2012-07-04 00:00:00', '2012-07-10 00:00:00', NULL, 24.00, 22.00, NULL, 1, 1, NULL),
(40, 37, '1 calça - ziper', '2012-06-28 00:00:00', '2012-07-04 00:00:00', NULL, 15.00, NULL, NULL, 1, 0, NULL),
(41, 38, '1 vestido preto \r\nsaia mais curta', '2012-06-28 00:00:00', '2012-07-04 00:00:00', NULL, 15.00, NULL, NULL, 1, 0, NULL),
(42, 39, '1 calça ziper\r\nvestido ajuste', '2012-06-28 00:00:00', '2012-07-09 00:00:00', NULL, 35.00, NULL, 'Cleusa ok', 1, 1, 1),
(43, 40, '2 calças - bolso e ajuste', '2012-06-28 00:00:00', '2012-07-05 00:00:00', NULL, 45.00, NULL, 'Cleusa ok', 1, 0, 1),
(44, 41, 'camisa barra reta\r\ncamisa barra', '2012-06-28 00:00:00', '2012-07-04 00:00:00', NULL, 30.00, NULL, 'Cleusa  ok', 1, 1, 1),
(45, 42, '2 calças ', '2012-06-29 00:00:00', '2012-07-06 00:00:00', NULL, 45.00, NULL, 'Cleusa ok', 1, 0, 1),
(46, 43, 'Calça barra', '2012-06-28 00:00:00', '2012-07-04 00:00:00', NULL, 12.00, NULL, NULL, 1, 0, 2),
(47, 44, 'Terno ajuste.', '2012-07-04 00:00:00', '2012-07-09 00:00:00', NULL, 45.00, NULL, NULL, 1, 0, NULL),
(48, 45, 'pijama ajuste e barra - 15\r\ncalça preta 20,00\r\ncalça cinza 15,00', '2012-07-04 00:00:00', '2012-07-06 00:00:00', NULL, 70.00, NULL, NULL, 1, 0, NULL),
(49, 46, 'camisa colocar etiqueta no furo\r\n1 camisa ajuste\r\n1 barra vestido\r\n1 barra calça', '2012-07-02 00:00:00', '2012-07-09 00:00:00', NULL, 50.00, NULL, 'Cleusa', 1, 1, 1),
(50, 47, 'saia reparo', '2012-06-13 00:00:00', '2012-07-04 00:00:00', NULL, 5.00, NULL, NULL, 1, 0, NULL),
(51, 48, '2 barras\r\n1 alça', '2012-05-09 00:00:00', '2012-07-04 00:00:00', NULL, 25.00, NULL, NULL, 1, 0, NULL),
(52, 49, 'calça reparo bolso barra simples', '2012-07-02 00:00:00', '2012-07-09 00:00:00', NULL, 25.00, NULL, 'Cleusa', 1, 0, 1),
(53, 50, '1 calça barra\r\n1 casaco barra', '2012-07-04 00:00:00', '2012-07-12 00:00:00', NULL, 32.00, NULL, NULL, 1, 1, NULL),
(54, 51, 'blusa barra\r\ncalça barra posta com sobra\r\ncasaco encurtar', '2012-07-04 00:00:00', '2012-07-10 00:00:00', NULL, 45.00, NULL, NULL, 1, 1, NULL),
(55, 52, '1 calça branca ziper\r\nblusa poá ziper', '2012-06-14 00:00:00', '2012-07-04 00:00:00', NULL, 20.00, NULL, NULL, 1, 0, NULL),
(56, 53, 'camisa ajuste e barra', '2012-07-04 00:00:00', '2012-07-09 00:00:00', NULL, 20.00, NULL, NULL, 1, 1, NULL),
(57, 54, 'Vestido ajuste, tirar gola', '2012-07-04 00:00:00', '2012-07-04 00:00:00', NULL, 30.00, NULL, NULL, 1, 0, NULL),
(58, 55, 'Calça couro ajuste', '2012-07-05 00:00:00', '2012-07-05 00:00:00', NULL, 25.00, NULL, 'ok', 1, 0, NULL),
(59, 56, 'Calça barra posta.', '2012-07-05 00:00:00', '2012-07-10 00:00:00', NULL, 15.00, NULL, NULL, 1, 1, NULL),
(60, 57, 'Vestido ajuste', '2012-07-05 00:00:00', '2012-07-06 00:00:00', NULL, 30.00, NULL, NULL, 1, 0, NULL),
(61, 58, '1 Calça ajuste e barra 25,00\r\n2 barras 25,00', '2012-07-05 00:00:00', '2012-07-13 00:00:00', NULL, 50.00, NULL, NULL, 1, 1, NULL),
(62, 59, 'Camisetas colocar rendas', '2012-07-05 00:00:00', '2012-07-17 00:00:00', NULL, 30.00, NULL, NULL, 1, 1, NULL),
(63, 60, '1 barra\r\n', '2012-07-05 00:00:00', '2012-07-12 00:00:00', NULL, 10.00, NULL, NULL, 1, 0, NULL),
(64, 61, 'Vestidos tirar ponta\r\nBlusa retorno\r\nforro cadeira\r\ncalça ajuste', '2012-07-05 00:00:00', '2012-07-11 00:00:00', NULL, 130.00, NULL, NULL, 1, 1, NULL),
(65, 62, 'saia encurtar', '2012-07-05 00:00:00', '2012-07-05 00:00:00', NULL, 25.00, NULL, NULL, 1, 0, NULL),
(66, 63, '4 calças ajuste', '2012-07-05 00:00:00', '2012-07-12 00:00:00', NULL, 60.00, 60.00, NULL, 1, 1, NULL),
(67, 64, '2 calças - entregue \r\n1 vestido', '2012-07-05 00:00:00', '2012-07-06 00:00:00', NULL, 60.00, NULL, NULL, 1, 1, NULL),
(69, 66, '1 barra recolocada\r\n1 ajuste cintura\r\n1 ajuste\r\n1 ajuste', '2012-07-09 00:00:00', '2012-07-13 00:00:00', NULL, 85.00, NULL, NULL, 1, 1, NULL),
(70, 67, NULL, '2012-07-09 00:00:00', '2012-07-09 00:00:00', NULL, 10.00, NULL, 'Diz q pagou   ?????', 1, 0, NULL),
(71, 68, '2 calças - reparo', '2012-07-09 00:00:00', '2012-07-16 00:00:00', NULL, 20.00, NULL, NULL, 1, 0, NULL),
(72, 9, 'Somar +5,00 ficou devendo\r\n2 calaças marrom e preta para 11/07\r\n1 vestido\r\n3 blusas\r\n1 calça jeans', '2012-07-09 00:00:00', '2012-07-17 00:00:00', NULL, 80.00, NULL, NULL, 1, 1, NULL),
(73, 69, '1 calça costuras reparo\r\n1 calça trocar elástico', '2012-07-09 00:00:00', '2012-07-16 00:00:00', NULL, 20.00, NULL, NULL, 1, 1, NULL),
(74, 70, '1 calça jeans ajuste e barra 30,00\r\n1 casaco manga 20,00\r\n1 calça ajuste 20,00', '2012-07-09 00:00:00', '2012-07-13 00:00:00', NULL, 70.00, NULL, NULL, 1, 0, NULL),
(75, 71, '1 calça reparo\r\n1 vestido barra e manga\r\n1 saia ajuste\r\n1 barra', '2012-07-09 00:00:00', '2012-07-16 00:00:00', NULL, 62.00, NULL, 'Cleusa', 1, 1, 1),
(76, 72, '3 calças moleton barra\r\na marinho é modelo\r\nfoi 20,00 de outra entrega', '2012-07-09 00:00:00', '2012-07-11 00:00:00', NULL, 56.00, NULL, NULL, 1, 1, NULL),
(77, 73, '5 camisetas - barra\r\n2 estão marcadas e demais a branca é o modelo', '2012-07-09 00:00:00', '2012-07-11 00:00:00', NULL, 50.00, NULL, NULL, 1, 0, NULL),
(78, 74, 'uma capa de almofada\r\nesperando o modelo', '2012-07-09 00:00:00', '2012-07-19 00:00:00', NULL, 15.00, NULL, NULL, 1, 0, NULL),
(79, 75, 'calça barra', '2012-07-09 00:00:00', '2012-07-09 00:00:00', NULL, 12.00, NULL, NULL, 1, 1, NULL),
(80, 76, '2 calaças ajuste', '2012-07-09 00:00:00', '2012-07-16 00:00:00', NULL, 60.00, NULL, NULL, 1, 0, NULL),
(81, 77, '3 barras \r\n5 calças\r\n1 camisa \r\n3 camisetas', '2012-07-09 00:00:00', '2012-07-09 00:00:00', NULL, 150.00, NULL, NULL, 1, 0, NULL),
(82, 52, '1 calça 1 dedo mais compr.\r\n1 calça (modelo) ajustar', '2012-07-09 00:00:00', '2012-07-20 00:00:00', NULL, 110.00, NULL, NULL, 1, 0, NULL),
(83, 78, '2 barras\r\n2 camisetas manga', '2012-07-09 00:00:00', '2012-07-09 00:00:00', NULL, 48.00, 20.00, NULL, 1, 0, NULL),
(84, 79, 'blusa reparo', '2012-07-09 00:00:00', '2012-07-13 00:00:00', NULL, 8.00, 8.00, NULL, 0, 1, NULL),
(85, 80, 'Panos para material cirurgico\r\n8 panos 50,00', '2012-07-09 00:00:00', '2012-07-10 00:00:00', NULL, 50.00, NULL, NULL, 1, 1, NULL),
(86, 81, 'casaco ajustes', '2012-07-09 00:00:00', '2012-07-05 00:00:00', NULL, 40.00, NULL, NULL, 1, 0, NULL),
(87, 82, '2 calças - ajustes', '2012-07-09 00:00:00', '2012-07-17 00:00:00', NULL, 45.00, NULL, NULL, 1, 1, NULL),
(88, 83, '2 calças ajuste\r\n1 vestido ajuste\r\n1 ziper jeans', '2012-07-09 00:00:00', '2012-07-17 00:00:00', NULL, 80.00, NULL, NULL, 1, 1, NULL),
(89, 84, '1 gravata - reparo', '2012-07-09 00:00:00', '2012-07-09 00:00:00', NULL, 10.00, NULL, NULL, 1, 0, NULL),
(90, 85, '1 vestido reparos', '2012-07-01 00:00:00', '2012-07-06 00:00:00', NULL, 15.00, NULL, NULL, 1, 0, NULL),
(91, 86, '1 casaco ajuste e manga', '2012-07-09 00:00:00', '2012-07-06 00:00:00', NULL, 40.00, NULL, NULL, 1, 0, NULL),
(92, 87, '6 peças\r\nblusa barra - mudar etiqueta\r\nblusa manga\r\n2 calças ajuste\r\ncalça barra simples c abertura\r\ncalça bege barra', '2012-07-09 00:00:00', '2012-07-09 00:00:00', NULL, 87.00, NULL, NULL, 1, 0, NULL),
(93, 88, 'Vestido', '2012-07-09 00:00:00', '2012-07-09 00:00:00', NULL, 20.00, NULL, NULL, 1, 0, NULL),
(94, 76, 'vestido festa', '2012-07-09 00:00:00', '2012-07-09 00:00:00', NULL, 25.00, NULL, NULL, 1, 0, NULL),
(95, 89, '1 echarpe cinza', '2012-07-09 00:00:00', '2012-07-09 00:00:00', NULL, 25.00, NULL, NULL, 1, 0, NULL),
(96, 90, '1 casaco manga\r\n1 reparo pijama', '2012-07-09 00:00:00', '2012-07-09 00:00:00', NULL, 25.00, NULL, NULL, 1, 0, NULL),
(97, 91, '215 X 215 c/emenda\r\ncalças ajustar boca', '2012-06-26 00:00:00', '2012-07-09 00:00:00', NULL, 50.00, NULL, NULL, 1, 0, NULL),
(98, 92, '1 saia ajuste e barra - cortes', '2012-07-09 00:00:00', '2012-07-09 00:00:00', NULL, 20.00, NULL, NULL, 1, 0, NULL),
(99, 93, 'vestido barra\r\n1 capa', '2012-07-09 00:00:00', '2012-05-15 00:00:00', NULL, 32.00, NULL, NULL, 0, 1, NULL),
(100, 92, '1 calça ajuste ', '2012-07-09 00:00:00', '2012-07-16 00:00:00', NULL, 20.00, NULL, NULL, 1, 0, NULL),
(101, 94, '1 vestido', '2012-07-02 00:00:00', '2012-07-09 00:00:00', NULL, 20.00, NULL, NULL, 1, 1, NULL),
(102, 95, 'Varios', '2012-07-09 00:00:00', '2012-07-10 00:00:00', NULL, 102.00, NULL, NULL, 1, 0, NULL),
(103, 96, '1 camisa manga ajuste', '2012-07-09 00:00:00', '2012-07-09 00:00:00', NULL, 25.00, NULL, NULL, 1, 0, NULL),
(104, 97, '1 casaquinho tirar pregas', '2012-07-09 00:00:00', '2012-07-09 00:00:00', NULL, 20.00, NULL, NULL, 1, 0, NULL),
(105, 98, '1 calça ajuste cint. 20,00\r\n1 calça cint. perna - 30,00\r\nperna como a outra calça.\r\nsem barra ', '2012-07-09 00:00:00', '2012-07-17 00:00:00', NULL, 50.00, NULL, NULL, 1, 1, 1),
(106, 99, '1 pijama\r\n1 jeans\r\n1 barra\r\n1 capa\r\n2 calças social\r\ncalça couro ???', '2012-07-10 00:00:00', '2012-07-13 00:00:00', NULL, 150.00, NULL, 'Cleusa', 1, 1, 1),
(107, 6, '2 calças 15,00\r\n1 calça 25,00', '2012-07-10 00:00:00', '2012-07-10 00:00:00', NULL, 40.00, NULL, 'Cleusa', 0, 1, 1),
(108, 59, '2 camisetas \r\n1 toalha\r\n4 reparos 1 barra', '2012-07-10 00:00:00', '2012-07-10 00:00:00', NULL, 60.00, NULL, NULL, 1, 1, NULL),
(109, 100, '2 calças', '2012-07-10 00:00:00', '2012-07-10 00:00:00', NULL, 40.00, NULL, NULL, 1, 0, NULL),
(110, 99, 'Diversos', '2012-07-10 00:00:00', '2012-07-07 00:00:00', NULL, 140.00, NULL, NULL, 1, 0, NULL),
(111, 101, '1 elástico manga', '2012-07-10 00:00:00', '2012-07-13 00:00:00', NULL, 10.00, 10.00, NULL, 1, 1, NULL),
(112, 20, '1 casaco barra manga\r\n1 gola', '2012-07-10 00:00:00', '2012-07-16 00:00:00', NULL, 30.00, NULL, NULL, 1, 1, NULL),
(113, 3, '1 casaco colocar bolso\r\n1 calça barra', '2012-07-10 00:00:00', '2012-07-18 00:00:00', NULL, 48.00, NULL, NULL, 1, 1, NULL),
(114, 102, '1 calça ziper\r\n1 saia barra', '2012-07-10 00:00:00', '2012-07-17 00:00:00', NULL, 30.00, NULL, NULL, 1, 1, NULL),
(115, 103, '2 calças barra soltar\r\n5 cm', '2012-07-10 00:00:00', '2012-07-16 00:00:00', NULL, 24.00, NULL, NULL, 1, 0, NULL),
(116, 104, 'calça reparo joelho e colocar elástico', '2012-07-10 00:00:00', '2012-07-16 00:00:00', NULL, 15.00, NULL, NULL, 1, 1, NULL),
(117, 105, '1n vestido verde decote\r\nbarra 20,00 \r\nbarra 15,00\r\nmarron ajuste e barra\r\n1 camisa ajuste', '2012-07-10 00:00:00', '2012-07-10 00:00:00', NULL, 70.00, NULL, NULL, 1, 1, NULL),
(118, 106, 'duas calças - barra e ajuste', '2012-07-10 00:00:00', '2012-07-10 00:00:00', NULL, 40.00, NULL, NULL, 1, 0, NULL),
(119, 106, 'camisa compr. 70 frente 76 costas\r\npunho e barra\r\ncalça barra - vai provar outro dia', '2012-07-10 00:00:00', '2012-07-17 00:00:00', NULL, 37.00, NULL, NULL, 1, 1, NULL),
(120, 107, '1 camisa\r\n3 calças barra', '2012-07-10 00:00:00', '2012-07-10 00:00:00', NULL, 60.00, NULL, NULL, 1, 1, NULL),
(121, 108, 'Diversos', '2012-07-10 00:00:00', '2012-07-10 00:00:00', NULL, 165.00, NULL, NULL, 1, 0, NULL),
(122, 108, '2 CALÇAS BARRA E AJUSTE\r\n1 BLUSÃO\r\nNão pagou', '2012-07-10 00:00:00', '2012-08-22 00:00:00', '2012-08-07 00:00:00', -60.00, NULL, NULL, 1, 1, NULL),
(123, 109, '3 barras\r\noutros', '2012-07-10 00:00:00', '2012-07-10 00:00:00', NULL, 54.00, NULL, NULL, 1, 0, NULL),
(124, 110, 'retorno - casaco marron', '2012-07-10 00:00:00', '2012-07-12 00:00:00', NULL, 50.00, NULL, NULL, 1, 1, NULL),
(125, 111, 'calça ajuste e barra', '2012-07-10 00:00:00', '2012-07-10 00:00:00', NULL, 20.00, NULL, NULL, 1, 0, NULL),
(126, 112, '1 calça barra', '2012-07-11 00:00:00', '2012-07-11 00:00:00', NULL, 20.00, NULL, NULL, 1, 0, NULL),
(127, 113, '2 barras\r\n2 botões', '2012-07-11 00:00:00', '2012-08-08 00:00:00', NULL, 39.00, NULL, NULL, 1, 1, NULL),
(128, 45, '3 barras', '2012-07-11 00:00:00', '2012-07-18 00:00:00', NULL, 36.00, 36.00, NULL, 1, 1, NULL),
(129, 114, '1 blusão reparo gola', '2012-07-11 00:00:00', '2012-07-17 00:00:00', NULL, 15.00, NULL, NULL, 1, 1, NULL),
(130, 115, '1 saia barra \r\n1 saia tirar última barra - cos ajuste', '2012-07-11 00:00:00', '2012-07-17 00:00:00', NULL, 40.00, NULL, NULL, 1, 0, NULL),
(131, 116, 'reforças custura\r\n1 gola ajustar perna', '2012-07-11 00:00:00', '2012-07-16 00:00:00', NULL, 30.00, NULL, NULL, 1, 1, NULL),
(132, 59, '3 vestidos', '2012-07-11 00:00:00', '2012-07-13 00:00:00', NULL, 36.00, NULL, NULL, 1, 1, NULL),
(133, 117, 'Reparo casaco\r\n1 blusão', '2012-07-11 00:00:00', '2012-07-13 00:00:00', NULL, 35.00, NULL, NULL, 1, 1, NULL),
(134, 118, '1 casaco - manga\r\n1 calça jeans reparo bolso e cos\r\n* 1 saia colocar tule \r\n1 vestido barra', '2012-07-11 00:00:00', '2012-07-20 00:00:00', NULL, 115.00, NULL, NULL, 1, 1, 1),
(135, 119, 'blusão costura', '2012-07-11 00:00:00', '2012-07-12 00:00:00', NULL, 15.00, NULL, NULL, 1, 1, NULL),
(136, 120, '1 blusão ajuste e barra', '2012-07-11 00:00:00', '2012-07-18 00:00:00', NULL, 20.00, NULL, NULL, 1, 1, NULL),
(137, 121, '2 camisas reparos', '2012-07-11 00:00:00', '2012-07-18 00:00:00', NULL, 20.00, NULL, NULL, 1, 1, NULL),
(138, 122, 'aumentar forro casaco - 4 cm', '2012-07-11 00:00:00', '2012-07-12 00:00:00', NULL, 20.00, NULL, NULL, 1, 1, NULL),
(139, 123, '1 calça barra \r\n1 calça barra e ajuste\r\ncalça usada modelo', '2012-07-11 00:00:00', '2012-07-18 00:00:00', NULL, 40.00, NULL, NULL, 1, 1, NULL),
(140, 124, 'toalha branca barra', '2012-07-11 00:00:00', '2012-07-23 00:00:00', NULL, 15.00, NULL, NULL, 1, 0, NULL),
(141, 125, 'Casaco - ziper reparo', '2012-07-11 00:00:00', '2012-07-17 00:00:00', NULL, 30.00, NULL, NULL, 1, 1, NULL),
(142, 126, 'calça abrigo barra\r\npijama elástico', '2012-07-11 00:00:00', '2012-07-18 00:00:00', NULL, 22.00, NULL, NULL, 1, 1, NULL),
(143, 127, '2 calças \r\n1 saia', '2012-07-11 00:00:00', '2012-07-19 00:00:00', NULL, 90.00, NULL, NULL, 1, 1, 1),
(144, 128, '1 calça trocar ziper', '2012-07-11 00:00:00', '2012-07-11 00:00:00', NULL, 35.00, NULL, NULL, 1, 0, NULL),
(145, 113, 'diversas', '2012-07-11 00:00:00', '2012-07-11 00:00:00', NULL, 70.00, NULL, NULL, 1, 0, NULL),
(146, 129, 'saia cint 103\r\naumentar com forro no cos e aumentyar cintura com outro pano', '2012-07-12 00:00:00', '2012-07-18 00:00:00', NULL, 40.00, NULL, NULL, 1, 1, NULL),
(147, 130, 'Trocar forro casaco', '2012-07-12 00:00:00', '2012-07-19 00:00:00', NULL, 50.00, NULL, NULL, 1, 1, NULL),
(148, 131, 'Ziper casaco', '2012-07-12 00:00:00', '2012-07-19 00:00:00', NULL, 15.00, NULL, NULL, 1, 0, NULL),
(149, 132, '1 saia reparo\r\n1 saia barra', '2012-07-04 00:00:00', '2012-07-12 00:00:00', NULL, 30.00, NULL, NULL, 1, 1, NULL),
(150, 133, '2 barras comum prender passante', '2012-06-01 00:00:00', '2012-07-11 00:00:00', NULL, 35.00, NULL, NULL, 1, 0, NULL),
(151, 10, '1 calça barra\r\nretorno - camisa colarinho', '2012-07-12 00:00:00', '2012-08-17 00:00:00', NULL, 12.00, NULL, NULL, 1, 1, NULL),
(152, 134, 'pijamas', '2012-07-02 00:00:00', '2012-07-12 00:00:00', NULL, 40.00, NULL, NULL, 1, 0, NULL),
(153, 135, '2 bermudas\r\ncamisola\r\nblusas\r\ncapa', '2012-07-02 00:00:00', '2012-07-12 00:00:00', NULL, 135.00, NULL, NULL, 1, 0, NULL),
(154, 136, 'Vários', '2012-07-02 00:00:00', '2012-07-12 00:00:00', NULL, 40.00, NULL, NULL, 1, 0, NULL),
(155, 50, 'casaco - tirar pregas', '2012-07-12 00:00:00', '2012-07-19 00:00:00', NULL, 15.00, NULL, NULL, 1, 0, NULL),
(156, 137, '2 calças barra', '2012-07-12 00:00:00', '2012-07-17 00:00:00', NULL, 24.00, NULL, NULL, 1, 1, NULL),
(157, 138, 'Casaco ajuste ombro', '2012-07-12 00:00:00', '2012-07-20 00:00:00', NULL, 40.00, NULL, NULL, 1, 1, 1),
(158, 139, 'calça cinza reparo\r\n1 jeans barra\r\njeans clara barra recolocada\r\n1 ziper\r\n1 vestido\r\n1 preta repor...', '2012-07-12 00:00:00', '2012-08-07 00:00:00', NULL, 70.00, NULL, NULL, 1, 1, NULL),
(159, 140, 'calça reparo perna', '2012-07-12 00:00:00', '2012-07-16 00:00:00', NULL, 5.00, NULL, NULL, 1, 0, NULL),
(160, 141, '1 blusão ajuste\r\n7 polo c abertura igual a branca', '2012-07-12 00:00:00', '2012-07-20 00:00:00', NULL, 140.00, NULL, NULL, 1, 1, 1),
(162, 142, 'trocador de fraldas', '2012-07-02 00:00:00', '2012-07-12 00:00:00', NULL, 30.00, NULL, NULL, 1, 1, NULL),
(163, 62, 'saia retorno', '2012-07-12 00:00:00', '2012-07-13 00:00:00', NULL, NULL, NULL, NULL, 1, 1, NULL),
(164, 143, '1 calça ajuste\r\n2 calça ajuste gancho\r\n1 calça ajuste laterais', '2012-07-13 00:00:00', '2012-07-19 00:00:00', NULL, 105.00, NULL, NULL, 1, 0, NULL),
(165, 144, ' vestido 1 bolso 2 lados costura dupla bolso\r\n', '2012-07-13 00:00:00', '2012-07-23 00:00:00', NULL, 80.00, NULL, NULL, 1, 0, 3),
(166, 145, '1 casaco ajuste laterais - encurtar manga', '2012-07-13 00:00:00', '2012-07-19 00:00:00', NULL, 50.00, NULL, NULL, 1, 1, 1),
(167, 146, '1 calça barra\r\n1 calça diminuir - igual a jeans', '2012-07-13 00:00:00', '2012-07-16 00:00:00', NULL, 40.00, NULL, NULL, 1, 0, NULL),
(168, 100, '1 calça trocar cordão e elástico\r\nfazer barra s/elástico', '2012-07-13 00:00:00', '2012-07-18 00:00:00', NULL, 25.00, NULL, NULL, 1, 1, NULL),
(169, 59, 'toalha - guardanapos', '2012-07-13 00:00:00', '2012-07-20 00:00:00', NULL, 50.00, NULL, NULL, 1, 0, NULL),
(170, 147, 'cueca elástico\r\n1 camisa \r\n1 ziper almofada', '2012-07-13 00:00:00', '2012-08-16 00:00:00', NULL, 30.00, NULL, NULL, 1, 1, NULL),
(171, 135, '1 blusa botoes\r\nelástico tiara ', '2012-07-13 00:00:00', '2012-07-17 00:00:00', NULL, NULL, NULL, NULL, 0, 1, NULL),
(172, 148, 'Calça, diminuir boca de sino - 24 cm', '2012-07-13 00:00:00', '2012-07-18 00:00:00', NULL, 25.00, NULL, NULL, 1, 1, NULL),
(173, 149, 'cama do cachorro', '2012-07-13 00:00:00', '2012-07-13 00:00:00', NULL, 30.00, NULL, NULL, 1, 0, NULL),
(174, 150, '1 casaco reparo 15,00\r\n1 cobertor colocar fita 30,00', '2012-07-13 00:00:00', '2012-07-16 00:00:00', NULL, 45.00, NULL, NULL, 1, 1, NULL),
(175, 151, '2 calça - ajuste 25,00\r\n1 barra cos e perna 25,00', '2012-07-13 00:00:00', '2012-07-20 00:00:00', NULL, 50.00, NULL, NULL, 1, 1, NULL),
(176, 152, '1 calça ziper\r\n2 calças serzir ajuste', '2012-07-10 00:00:00', '2012-07-13 00:00:00', NULL, 50.00, NULL, NULL, 0, 1, NULL),
(177, 153, 'casaco ombreira', '2012-07-02 00:00:00', '2012-07-13 00:00:00', NULL, 15.00, NULL, NULL, 1, 0, NULL),
(178, 154, '1 calça retorno e ajuste', '2012-07-02 00:00:00', '2012-07-13 00:00:00', NULL, 75.00, NULL, NULL, 1, 0, NULL),
(179, 155, '1 calça ajuste e barra', '2012-07-02 00:00:00', '2012-07-13 00:00:00', NULL, 30.00, NULL, NULL, 1, 0, NULL),
(180, 156, 'calça jeans serzido', '2012-07-13 00:00:00', '2012-07-13 00:00:00', NULL, 10.00, NULL, NULL, 1, 0, NULL),
(181, 157, 'pijama cinza - ribana ajuste', '2012-07-13 00:00:00', '2012-07-19 00:00:00', NULL, 30.00, NULL, NULL, 1, 1, 1),
(182, 158, 'dois trilhos\r\navental  babado poá', '2012-07-17 00:00:00', '2012-07-19 00:00:00', NULL, 80.00, NULL, NULL, 1, 0, NULL),
(183, 5, '2 jaquetas', '2012-07-17 00:00:00', '2012-07-23 00:00:00', NULL, NULL, NULL, NULL, 1, 1, NULL),
(184, 107, 'colocar gancho na calça\r\nsaia - rendfa\r\nalongar saia reparo\r\nsoltar cos', '2012-07-17 00:00:00', '2012-07-20 00:00:00', NULL, 40.00, NULL, NULL, 1, 1, NULL),
(185, 159, '2 barra\r\n1 botão', '2012-07-17 00:00:00', '2012-07-23 00:00:00', NULL, 25.00, NULL, NULL, 1, 1, NULL),
(186, 160, '2 barras', '2012-07-17 00:00:00', '2012-07-18 00:00:00', NULL, 24.00, NULL, NULL, 1, 1, NULL),
(187, 142, 'almofada 40x40', '2012-07-17 00:00:00', '2012-07-23 00:00:00', NULL, 12.00, NULL, NULL, 1, 1, 3),
(188, 161, '1 sobretudo soltar tudo na manga - 35,00\r\n1 calça marrom barra postiça\r\n1 jeans ziper \r\n1 jeans reparo entrepernas \r\n', '2012-07-17 00:00:00', '2012-07-19 00:00:00', NULL, 70.00, NULL, NULL, 1, 0, NULL),
(189, 162, 'Ajusta laterais e prender bojo vestido', '2012-07-17 00:00:00', '2012-07-20 00:00:00', NULL, 30.00, NULL, NULL, 1, 1, NULL),
(190, 76, '1 casaco reparo', '2012-07-17 00:00:00', '2012-07-20 00:00:00', NULL, 20.00, NULL, NULL, 1, 0, NULL),
(191, 163, '1 calça ziper\r\n1 blusa manga com renda\r\n3 calças ajustar perna\r\n2 calça barra\r\n1 calça ', '2012-07-17 00:00:00', '2012-07-23 00:00:00', NULL, 100.00, NULL, NULL, 1, 1, 1),
(192, 164, '1 casaco reparos bolso\r\n1 casaco dominuir', '2012-07-17 00:00:00', '2012-07-19 00:00:00', NULL, 20.00, NULL, NULL, 1, 0, NULL),
(193, 165, 'barra do mesmo compr. da amostra', '2012-07-17 00:00:00', '2012-07-18 00:00:00', NULL, 15.00, NULL, NULL, 1, 0, NULL),
(194, 166, '1 casaco branco\r\n2 blusas reparo c ajuste punho', '2012-07-17 00:00:00', '2012-07-23 00:00:00', NULL, 30.00, NULL, NULL, 1, 1, NULL),
(195, 71, 'vestido  barra', '2012-07-17 00:00:00', '2012-07-18 00:00:00', NULL, 15.00, NULL, NULL, 1, 1, NULL),
(196, 167, 'Barra posta', '2012-07-17 00:00:00', '2012-07-19 00:00:00', NULL, 15.00, NULL, NULL, 1, 0, NULL),
(197, 53, '1 casaco prender manga 3 pontos\r\n1 gancho \r\nreparo calça', '2012-07-17 00:00:00', '2012-07-20 00:00:00', NULL, 15.00, NULL, NULL, 1, 1, NULL),
(198, 168, '1 ziper', '2012-07-17 00:00:00', '2012-07-20 00:00:00', NULL, 15.00, NULL, NULL, 1, 0, NULL),
(200, 170, '1 bolsa reparo', '2012-07-02 00:00:00', '2012-07-16 00:00:00', NULL, 10.00, NULL, NULL, 1, 0, NULL),
(201, 171, '1 casaco ajuste', '2012-06-26 00:00:00', '2012-07-03 00:00:00', NULL, 50.00, NULL, NULL, 1, 0, NULL),
(202, 172, '1 vestido longo barra\r\n1 calça', '2012-07-13 00:00:00', '2012-07-20 00:00:00', NULL, 50.00, NULL, NULL, 1, 0, NULL),
(203, 173, 'casaco repregar botoes\r\nsaia soltar - cint 84 cm\r\ncortar ...na medida', '2012-06-14 00:00:00', '2012-07-16 00:00:00', NULL, 45.00, NULL, NULL, 1, 0, NULL),
(204, 161, 'casaco e calça', '2012-07-17 00:00:00', '2012-07-19 00:00:00', NULL, 35.00, NULL, NULL, 1, 1, 1),
(205, 174, '1 casaco manga e barra', '2012-07-17 00:00:00', '2012-07-19 00:00:00', NULL, 30.00, NULL, NULL, 1, 1, 1),
(206, 175, '3 peças reparos', '2012-07-17 00:00:00', '2012-07-23 00:00:00', NULL, NULL, NULL, NULL, 1, 1, NULL),
(207, 51, '1 calça barra', '2012-07-17 00:00:00', '2012-07-19 00:00:00', NULL, 12.00, NULL, NULL, 1, 0, NULL),
(208, 176, '2 calças barra', '2012-07-17 00:00:00', '2012-07-24 00:00:00', NULL, 24.00, NULL, NULL, 1, 1, NULL),
(209, 177, '1 calça ajuste\r\nvai pagar junto com as do dia 25 ', '2012-07-17 00:00:00', '2012-07-18 00:00:00', NULL, 0.00, NULL, NULL, 1, 1, NULL),
(210, 178, 'reparo bolso\r\ncalça serzir peerna\r\ncostura fronha\r\ncolete trocar colchete', '2012-07-17 00:00:00', '2012-07-17 00:00:00', NULL, 25.00, NULL, NULL, 1, 0, NULL),
(211, 179, '1 camisa ajuste', '2012-07-17 00:00:00', '2012-07-17 00:00:00', NULL, 35.00, NULL, NULL, 1, 0, NULL),
(212, 178, 'pijama reparo - pago', '2012-07-17 00:00:00', '2012-08-16 00:00:00', NULL, 0.00, NULL, NULL, 1, 1, NULL),
(213, 108, 'blusão diminuir manga', '2012-07-17 00:00:00', '2012-07-17 00:00:00', NULL, 15.00, NULL, NULL, 1, 1, NULL),
(214, 180, 'barra galoneira', '2012-07-18 00:00:00', '2012-07-23 00:00:00', NULL, 12.00, NULL, NULL, 1, 1, NULL),
(215, 27, '1 blusão \r\n2 camisas', '2012-07-18 00:00:00', '2012-07-25 00:00:00', NULL, 50.00, NULL, NULL, 1, 1, 1),
(216, 181, '1 calça barra', '2012-07-18 00:00:00', '2012-07-20 00:00:00', NULL, 15.00, NULL, NULL, 1, 0, NULL),
(217, 182, '1 casaco encurtar manga', '2012-07-18 00:00:00', '2012-07-23 00:00:00', NULL, 20.00, NULL, NULL, 1, 1, NULL),
(218, 183, '2 calças barra e laterais', '2012-07-18 00:00:00', '2012-07-25 00:00:00', NULL, 60.00, NULL, NULL, 1, 1, 1),
(219, 184, '2 calças ajuste cós e perna', '2012-07-18 00:00:00', '2012-07-24 00:00:00', NULL, 50.00, NULL, NULL, 1, 1, 1),
(220, 1, 'cinto', '2012-07-18 00:00:00', '2012-07-18 00:00:00', NULL, 5.00, NULL, NULL, 1, 0, NULL),
(221, 185, '2 barras não cortar costuras\r\nobservar feitio da barra\r\nreparo no passante', '2012-07-18 00:00:00', '2012-07-24 00:00:00', NULL, 30.00, NULL, NULL, 1, 1, NULL),
(222, 45, '1 calça barra\r\n2 fronhas diminuir', '2012-07-18 00:00:00', '2012-07-20 00:00:00', NULL, 25.00, NULL, NULL, 1, 1, NULL),
(223, 70, 'ajuste vestido infantil', '2012-07-18 00:00:00', '2012-07-20 00:00:00', NULL, 20.00, NULL, NULL, 1, 0, NULL),
(224, 177, '1 calça barra e ajuste 25,00\r\n1 calça ajuste 20,00\r\n\r\n15,00 do dia 18/07', '2012-07-18 00:00:00', '2012-07-25 00:00:00', NULL, 60.00, NULL, NULL, 1, 1, NULL),
(225, 186, '1 calça soltar toda barra', '2012-07-19 00:00:00', '2012-07-19 00:00:00', NULL, 15.00, NULL, NULL, 1, 1, NULL),
(226, 187, '1 ziper calça', '2012-07-19 00:00:00', '2012-07-25 00:00:00', NULL, 15.00, NULL, NULL, 1, 0, NULL),
(227, 188, '1 casaco tirar botões e lapelas dos ombros- guardar lapelas\r\nrecosturar blusa', '2012-07-19 00:00:00', '2012-07-24 00:00:00', NULL, 20.00, NULL, NULL, 1, 1, NULL),
(228, 189, '2 calça ajuste 40,00\r\n1 saia ajuste 20,00\r\n1 blusa ajuste 15,00', '2012-07-19 00:00:00', '2012-07-25 00:00:00', NULL, 75.00, NULL, NULL, 1, 0, NULL),
(229, 190, '1 jaqueta trocar gola por veludo dentro\r\n1 reparo velcro', '2012-07-19 00:00:00', '2012-07-25 00:00:00', NULL, 35.00, NULL, NULL, 1, 1, NULL),
(230, 191, '1 jaqueta - ziper e reparo gola', '2012-07-19 00:00:00', '2012-07-20 00:00:00', NULL, 15.00, NULL, NULL, 1, 1, NULL),
(231, 142, '2 barras cortina (almofada)', '2012-07-19 00:00:00', '2012-07-24 00:00:00', NULL, 30.00, NULL, NULL, 1, 1, NULL),
(232, 192, '1 vestido malha preto refazer costuras c/furinho\r\n1 vestido encurtar alça colocar renda dupla', '2012-07-19 00:00:00', '2012-08-09 00:00:00', '2012-08-09 00:00:00', 50.00, NULL, NULL, 1, 1, NULL),
(233, 193, '2 tapetes', '2012-07-19 00:00:00', '2012-08-06 00:00:00', NULL, 90.00, NULL, NULL, 1, 1, NULL),
(234, 194, '1 camiseta barra manga', '2012-07-19 00:00:00', '2012-07-20 00:00:00', NULL, 10.00, NULL, NULL, 1, 1, NULL),
(235, 195, '3 peças as demais para o dia 20/08', '2012-07-19 00:00:00', '2012-07-23 00:00:00', NULL, 30.00, NULL, NULL, 0, 1, NULL),
(236, 196, '2 vestidos barra e ajuste\r\n1 vestido gola\r\n2 calças ajuste\r\n1 calça veludo soltar barra', '2012-07-19 00:00:00', '2012-08-03 00:00:00', NULL, 120.00, NULL, NULL, 1, 1, 1),
(237, 197, '1 jeans reparo\r\n1 calça couro ajuste e barra\r\n1 saia', '2012-07-19 00:00:00', '2012-07-27 00:00:00', NULL, 35.00, NULL, NULL, 1, 0, 3),
(238, 198, '1 bermuda ziper\r\nfaixa judô colocar faixa preta', '2012-07-19 00:00:00', '2012-08-01 00:00:00', NULL, 25.00, NULL, NULL, 1, 1, NULL),
(239, 199, '1 bermuda ziper\r\nfaixa judô colocar faixa preta', '2012-07-19 00:00:00', '2012-07-23 00:00:00', NULL, NULL, NULL, NULL, 0, 1, NULL),
(240, 200, '1 blusa fazer gola', '2012-06-21 00:00:00', '2012-06-28 00:00:00', NULL, 15.00, NULL, NULL, 1, 0, NULL),
(241, 201, '1 calça ajustar\r\n1 calça ziper tirar passantes', '2012-07-20 00:00:00', '2012-07-25 00:00:00', NULL, 30.00, NULL, NULL, 1, 0, NULL),
(242, 1, '1 calça barra', '2012-07-20 00:00:00', '2012-07-24 00:00:00', NULL, 10.00, NULL, NULL, 1, 1, NULL),
(243, 202, '1 colarinho virar', '2012-07-20 00:00:00', '2012-07-26 00:00:00', NULL, 20.00, NULL, NULL, 0, 1, NULL),
(244, 203, '1 casaco barra e manga\r\nficou devendo 15,00', '2012-07-20 00:00:00', '2012-08-07 00:00:00', NULL, 35.00, NULL, NULL, 1, 1, NULL),
(245, 204, '1 calça barra', '2012-07-20 00:00:00', '2012-07-20 00:00:00', NULL, 15.00, NULL, NULL, 1, 0, NULL),
(246, 88, '1 pijama elástico\r\nsubir manga - barra do casaco', '2012-07-02 00:00:00', '2012-07-20 00:00:00', NULL, 30.00, NULL, NULL, 1, 0, NULL),
(247, 20, '1 calça barra\r\n1 camisa barra', '2012-07-20 00:00:00', '2012-07-23 00:00:00', NULL, NULL, NULL, NULL, 1, 1, NULL),
(248, 205, '1 saia cint 85 cm\r\ncompr 54 cm', '2012-07-20 00:00:00', '2012-07-27 00:00:00', NULL, 40.00, NULL, NULL, 1, 1, 1),
(249, 206, '6 barras\r\n1 ajuste e barra\r\n1 moleton barra calça original\r\n1 camisa ajuste\r\n1 moleton punho\r\n1 camisa prega nas costas\r\ntotal 155,00', '2012-07-20 00:00:00', '2012-07-24 00:00:00', NULL, 55.00, NULL, NULL, 1, 1, 1),
(250, 207, '6 barras\r\n1 ajuste e barra\r\n1 moleton barra calça original\r\n1 camisa ajuste', '2012-07-20 00:00:00', '2012-07-24 00:00:00', NULL, 100.00, NULL, NULL, 1, 1, NULL),
(251, 208, '2 casacos remendo e reparo em baixo do braço', '2012-07-20 00:00:00', '2012-07-27 00:00:00', NULL, 45.00, NULL, NULL, 1, 0, NULL),
(252, 209, '1 blazer e saia\r\nvestido aumentar forro\r\nblusa tigrada fazer bainha etirando el´stico\r\nverde reparo alça \r\nbranco tirar pontos \r\nsaia ajuste\r\n1 vestido ziper e encurtar', '2012-07-20 00:00:00', '2012-07-20 00:00:00', NULL, 165.00, 165.00, NULL, 1, 1, NULL),
(253, 210, 'fazer 1 vestido tomara que caia', '2012-07-20 00:00:00', '2012-07-31 00:00:00', NULL, 40.00, NULL, NULL, 1, 1, NULL),
(254, 168, '1 blazer VELUDO PRETO. FAZER', '2012-07-20 00:00:00', '2012-08-01 00:00:00', NULL, 150.00, NULL, NULL, 0, 0, NULL),
(255, 211, '1 calça reparo no ziper', '2012-07-20 00:00:00', '2012-07-24 00:00:00', NULL, 10.00, NULL, NULL, 1, 1, NULL),
(256, 212, '1 short barra', '2012-07-20 00:00:00', '2012-07-20 00:00:00', NULL, 20.00, NULL, NULL, 1, 0, NULL),
(257, 213, '2 barras jeans', '2012-07-23 00:00:00', '2012-07-26 00:00:00', NULL, 25.00, NULL, NULL, 1, 1, NULL),
(258, 214, '1 blusa reparo e barra 20,00\r\n1 calça ajuste e barra 20,00\r\n1 calça barra - 12,00', '2012-07-23 00:00:00', '2012-07-27 00:00:00', NULL, 52.00, NULL, NULL, 1, 1, 1),
(259, 52, '1 calça reparo 1 dedo mais compr c/ bolso\r\n1 vestido aumentar largura', '2012-07-23 00:00:00', '2012-08-13 00:00:00', '2012-08-08 00:00:00', 30.00, NULL, NULL, 1, 1, NULL),
(260, 215, '1 manta\r\n1 roupão', '2012-07-23 00:00:00', '2012-07-27 00:00:00', NULL, 80.00, NULL, NULL, 1, 0, NULL),
(261, 216, '1 casaco barra', '2012-07-23 00:00:00', '2012-07-25 00:00:00', NULL, 25.00, NULL, NULL, 1, 0, NULL),
(262, 217, '1 calça barra', '2012-07-23 00:00:00', '2012-08-01 00:00:00', NULL, 10.00, NULL, NULL, 1, 1, NULL),
(263, 218, 'fazer um short com barra dobrada\r\n2 calças ajustar TOTAL 55,00', '2012-07-23 00:00:00', '2012-08-01 00:00:00', NULL, 40.00, 15.00, NULL, 1, 1, NULL),
(264, 219, '1 barra', '2012-07-02 00:00:00', '2012-07-11 00:00:00', NULL, 12.00, NULL, NULL, 1, 0, NULL),
(265, 218, '1 blusa ajustar\r\n1 calça barra', '2012-02-29 00:00:00', '2012-07-02 00:00:00', NULL, 30.00, NULL, NULL, 1, 0, NULL),
(266, 220, '1 longo ajuste\r\necharp', '2012-03-19 00:00:00', '2012-03-26 00:00:00', NULL, 65.00, NULL, NULL, 0, 1, NULL),
(267, 121, '1 lençol reparo', '2012-07-23 00:00:00', '2012-07-26 00:00:00', NULL, 10.00, NULL, NULL, 1, 1, NULL),
(268, 221, '3 calças as demais peças p/ outro dia', '2012-07-23 00:00:00', '2012-07-25 00:00:00', NULL, NULL, NULL, NULL, 0, 1, NULL),
(269, 222, '1 calça ajuste e barra\r\n', '2012-07-23 00:00:00', '2012-07-26 00:00:00', NULL, 25.00, NULL, NULL, 1, 1, NULL),
(270, 223, '4 calças femininas 3 ajustes e 1 barra\r\n3 calças masc. 1 ajuste 3 barras', '2012-07-23 00:00:00', '2012-07-31 00:00:00', NULL, 150.00, NULL, NULL, 1, 1, 1),
(271, 224, '1 barra social - pela manhã\r\n3 moleton', '2012-07-23 00:00:00', '2012-07-27 00:00:00', NULL, 51.00, NULL, NULL, 1, 1, NULL),
(272, 225, 'calça marinho - cordão\r\nblusa barra e ombro\r\n3 blusas barra - tirar arredondado\r\n1 blusa reparo e barra', '2012-07-23 00:00:00', '2012-08-03 00:00:00', NULL, 65.00, NULL, NULL, 1, 1, NULL),
(273, 226, '1 blazer masc.\r\n1 blusa barra', '2012-07-23 00:00:00', '2012-07-30 00:00:00', NULL, 37.00, NULL, NULL, 1, 1, NULL),
(274, 227, 'Dois reparos desde março.', '2012-03-01 00:00:00', '2012-08-03 00:00:00', NULL, 25.00, NULL, NULL, 1, 1, NULL),
(275, 228, 'Deve 92,00. Calça pronta', '2012-03-01 00:00:00', '2012-03-01 00:00:00', NULL, NULL, NULL, NULL, 0, 1, NULL),
(276, 229, 'deve 12,00 - vestido', '2012-03-01 00:00:00', '2012-03-01 00:00:00', NULL, NULL, NULL, NULL, 0, 1, NULL),
(277, 230, 'blusinha no armário', '2012-03-01 00:00:00', '2012-08-14 00:00:00', NULL, NULL, NULL, NULL, 1, 1, NULL),
(278, 231, 'ziper casaco', '2012-07-19 00:00:00', '2012-07-20 00:00:00', NULL, 15.00, NULL, NULL, 1, 0, NULL),
(279, 232, '1 calça ajuste', '2012-07-23 00:00:00', '2012-07-31 00:00:00', NULL, 20.00, NULL, NULL, 1, 1, 2),
(280, 233, '3 calças ajuste\r\n', '2012-07-24 00:00:00', '2012-08-08 00:00:00', NULL, 60.00, NULL, NULL, 1, 1, 1),
(281, 234, '1 calça reparo', '2012-07-24 00:00:00', '2012-07-26 00:00:00', NULL, 10.00, NULL, NULL, 0, 1, 2),
(282, 235, '1 saia preta', '2012-07-24 00:00:00', '2012-07-26 00:00:00', NULL, NULL, NULL, NULL, 0, 1, NULL),
(283, 236, '1 vestido juntar alças. Bem na ponta', '2012-07-24 00:00:00', '2012-08-13 00:00:00', NULL, 10.00, NULL, NULL, 1, 1, NULL),
(284, 41, 'camisa barra.', '2012-07-13 00:00:00', '2012-07-17 00:00:00', NULL, 15.00, NULL, NULL, 1, 1, NULL),
(285, 237, '2 calças ajuste\r\n', '2012-07-18 00:00:00', '2012-07-24 00:00:00', NULL, 40.00, NULL, NULL, 1, 1, NULL),
(286, 238, '1 calça reparo\r\n1 calça ajuste\r\n1 calça elástico', '2012-07-24 00:00:00', '2012-07-31 00:00:00', NULL, 50.00, NULL, NULL, 1, 1, NULL),
(287, 239, '1 estola gancho\r\n1 vestido bolso fechar ', '2012-07-24 00:00:00', '2012-07-26 00:00:00', NULL, 20.00, NULL, NULL, 1, 1, NULL),
(288, 240, '1 calça ajuste não cortar *\r\n1 cueca reparo\r\n1 bolsa ziper', '2012-07-24 00:00:00', '2012-08-09 00:00:00', NULL, 40.00, NULL, NULL, 1, 1, NULL),
(289, 241, '1 calça barra\r\n1 camisa barra', '2012-07-24 00:00:00', '2012-08-01 00:00:00', NULL, 24.00, NULL, NULL, 1, 1, NULL),
(290, 242, 'calça ajuste e fechar bolso', '2012-07-25 00:00:00', '2012-07-27 00:00:00', NULL, 30.00, NULL, NULL, 1, 1, NULL),
(291, 140, '2 camisas aumentar largura\r\n1 saia dominuir e tirar bolso fazer passante', '2012-07-25 00:00:00', '2012-08-01 00:00:00', NULL, 60.00, NULL, NULL, 1, 1, NULL),
(292, 100, 'soltar elástico manga', '2012-07-25 00:00:00', '2012-07-27 00:00:00', NULL, 20.00, NULL, NULL, 1, 1, 2),
(293, 243, '2 barras postas', '2012-07-25 00:00:00', '2012-08-03 00:00:00', NULL, 30.00, NULL, NULL, 1, 1, NULL),
(294, 244, '1 camisa ajuste\r\n1 saia ajuste', '2012-07-25 00:00:00', '2012-07-26 00:00:00', NULL, 40.00, NULL, NULL, 1, 1, NULL),
(296, 60, 'varios', '2012-07-25 00:00:00', '2012-07-25 00:00:00', NULL, 40.00, NULL, NULL, 1, 0, 3),
(297, 245, '1 terno abrir bolso\r\nsoltar alinhavos', '2012-07-25 00:00:00', '2012-08-06 00:00:00', NULL, 35.00, NULL, NULL, 1, 0, NULL),
(298, 246, 'reparo calça\r\ncostura camisa', '2012-07-25 00:00:00', '2012-07-27 00:00:00', NULL, 20.00, NULL, NULL, 1, 0, NULL),
(299, 247, '1 casaco manga 25,00\r\n1 calça barra 15,00', '2012-07-25 00:00:00', '2012-07-31 00:00:00', NULL, 40.00, NULL, NULL, 1, 1, NULL),
(300, 248, 'calça barra posta', '2012-07-23 00:00:00', '2012-07-25 00:00:00', NULL, 12.00, NULL, NULL, 1, 0, NULL),
(301, 249, '6 lençois diminuir', '2012-07-02 00:00:00', '2012-08-02 00:00:00', NULL, 120.00, NULL, NULL, 1, 1, NULL),
(303, 251, 'casaco reparo  - pronto\r\n1 camiseta reparo barra\r\nregata barra', '2012-07-25 00:00:00', '2012-08-07 00:00:00', NULL, 35.00, NULL, NULL, 1, 1, NULL),
(304, 163, '6 calças ajuste\r\n3 barra', '2012-07-25 00:00:00', '2012-08-01 00:00:00', NULL, 100.00, NULL, NULL, 1, 1, NULL),
(305, 233, '1 camisa trocar colarinho', '2012-07-25 00:00:00', '2012-08-08 00:00:00', NULL, 30.00, NULL, NULL, 1, 1, 4),
(306, 252, '1 calça fazer uma bermuda\r\n1 calça trocar forro\r\n1 calça botão\r\najuste cós', '2012-06-19 00:00:00', '2012-07-25 00:00:00', NULL, 60.00, NULL, NULL, 1, 0, NULL),
(307, 104, '1 calça reparo no joelho e elástico\r\n1 calça ajuste na perna e barra\r\n pago', '2012-07-25 00:00:00', '2012-07-31 00:00:00', NULL, 35.00, NULL, NULL, 1, 1, NULL),
(308, 190, '2 calças - 1 barra e serzidos', '2012-07-25 00:00:00', '2012-07-31 00:00:00', NULL, 45.00, NULL, NULL, 1, 0, NULL),
(309, 253, '3 barras', '2012-07-26 00:00:00', '2012-08-01 00:00:00', NULL, 36.00, NULL, NULL, 1, 0, NULL),
(310, 254, '1 vestido barra\r\n1 vestido ajuste', '2012-07-26 00:00:00', '2012-08-02 00:00:00', NULL, 45.00, NULL, NULL, 1, 1, NULL),
(311, 255, '1 calça ajuste', '2012-07-26 00:00:00', '2012-08-07 00:00:00', NULL, 20.00, NULL, NULL, 1, 1, NULL),
(312, 256, '1 barra pernas didferentes', '2012-07-26 00:00:00', '2012-07-27 00:00:00', NULL, 15.00, NULL, NULL, 1, 1, NULL),
(313, 257, '1 ajustes\r\n1 barra - para 27/07', '2012-07-26 00:00:00', '2012-08-01 00:00:00', NULL, 57.00, NULL, NULL, 1, 1, NULL),
(314, 29, 'Casaco reparo manga retorno - outra manga', '2012-07-26 00:00:00', '2012-07-17 00:00:00', NULL, 15.00, NULL, NULL, 1, 0, NULL),
(315, 258, '1 barra galoneira', '2012-07-26 00:00:00', '2012-08-02 00:00:00', NULL, 12.00, NULL, NULL, 1, 1, NULL),
(316, 259, 'casaco encurtar mangas', '2012-07-26 00:00:00', '2012-07-27 00:00:00', NULL, 15.00, NULL, NULL, 1, 0, 3),
(317, 260, 'soltar elástico\r\nsaia reparo', '2012-07-27 00:00:00', '2012-08-06 00:00:00', NULL, 20.00, NULL, NULL, 1, 1, NULL),
(319, 189, 'soltar saia retorno\r\nbarra retorno', '2012-07-27 00:00:00', '2012-07-30 00:00:00', NULL, NULL, NULL, NULL, 1, 1, NULL),
(320, 37, '1 casaquinho ajuste', '2012-07-27 00:00:00', '2012-08-02 00:00:00', NULL, 30.00, NULL, NULL, 1, 1, NULL),
(321, 262, '1 calça ajustar barra', '2012-07-27 00:00:00', '2012-08-02 00:00:00', NULL, 40.00, NULL, NULL, 1, 1, NULL),
(322, 263, '1 camisa reparos\r\n1 bermuda ajuste cós e perna', '2012-07-27 00:00:00', '2012-08-02 00:00:00', NULL, 30.00, NULL, NULL, 1, 1, 2),
(323, 43, '1 saia cama reparo ', '2012-07-27 00:00:00', '2012-08-20 00:00:00', NULL, 15.00, NULL, NULL, 1, 1, 2),
(324, 264, '1 calça ajuste\r\n1 ajuste e boca', '2012-07-27 00:00:00', '2012-08-02 00:00:00', NULL, 45.00, NULL, NULL, 1, 1, NULL),
(325, 265, '3 reparos\r\n1 barra\r\n2 reparos\r\n1 calça retorno', '2012-07-27 00:00:00', '2012-08-13 00:00:00', NULL, 35.00, NULL, NULL, 1, 1, NULL),
(326, 266, '2 calça reparo\r\n', '2012-07-27 00:00:00', '2012-08-03 00:00:00', NULL, 20.00, NULL, NULL, 1, 1, 2),
(327, 267, 'costurar logo tipo calça', '2012-07-27 00:00:00', '2012-07-27 00:00:00', NULL, 20.00, NULL, NULL, 1, 1, 3),
(328, 43, '1 velcro no botão', '2012-07-24 00:00:00', '2012-07-27 00:00:00', NULL, 10.00, NULL, NULL, 1, 0, 4),
(329, 197, '1 saia azul - fazer', '2012-07-27 00:00:00', '2012-08-20 00:00:00', '2012-08-09 00:00:00', NULL, NULL, NULL, 1, 1, NULL),
(330, 268, '2 calças reparo', '2012-07-27 00:00:00', '2012-07-30 00:00:00', NULL, 15.00, NULL, NULL, 0, 1, 2),
(331, 269, 'diminuir colarinho e punho', '2012-07-27 00:00:00', '2012-08-14 00:00:00', NULL, 30.00, NULL, NULL, 1, 1, NULL),
(332, 270, '1 casaco - manga reparo do forro\r\n1 colete repos.\r\n', '2012-07-27 00:00:00', '2012-08-01 00:00:00', NULL, 25.00, NULL, NULL, 1, 1, NULL),
(333, 271, '1 casaco couro manga\r\n1 gabardine manga\r\n', '2012-07-30 00:00:00', '2012-08-07 00:00:00', '2012-08-06 00:00:00', 50.00, NULL, NULL, 1, 1, NULL),
(334, 272, '5 vestidos - barra e reparo\r\n1 reparo busto\r\npreto fazer reto', '2012-07-30 00:00:00', '2012-08-07 00:00:00', NULL, 80.00, NULL, NULL, 1, 1, NULL),
(335, 59, '1 jaleco reparo\r\n1 camisa botão', '2012-07-25 00:00:00', '2012-07-30 00:00:00', NULL, 15.00, NULL, NULL, 0, 1, NULL),
(336, 273, '1 CALÇA AJUSTE PERNA E BARRA', '2012-07-30 00:00:00', '2012-08-02 00:00:00', NULL, 20.00, NULL, NULL, 1, 1, NULL),
(337, 20, '2 CALÇAS', '2012-07-30 00:00:00', '2012-07-31 00:00:00', NULL, 24.00, NULL, NULL, 1, 1, NULL),
(338, 274, '1 CAMISA PUNHO, AJUSTE E BARRA\r\n1 CALÇA REPARO', '2012-07-30 00:00:00', '2012-08-03 00:00:00', NULL, 30.00, NULL, NULL, 1, 1, NULL),
(339, 275, '1 ZIPER TROCAR', '2012-07-30 00:00:00', '2012-08-01 00:00:00', NULL, 10.00, NULL, NULL, 1, 1, NULL),
(340, 276, '3 JAQUETAS ENCURTA MANGA', '2012-07-30 00:00:00', '2012-08-03 00:00:00', NULL, 75.00, NULL, NULL, 1, 1, NULL),
(341, 29, '1 CALÇA REPARO', '2012-07-30 00:00:00', '2012-08-02 00:00:00', NULL, 10.00, NULL, NULL, 1, 1, NULL),
(342, 277, '1 CALÇA AJUSTE \r\n1 CALÇA BARRA COMUM', '2012-07-30 00:00:00', '2012-08-09 00:00:00', NULL, 25.00, NULL, NULL, 1, 1, NULL),
(343, 278, '3 BARRAS - 15,00', '2012-07-30 00:00:00', '2012-08-06 00:00:00', NULL, 45.00, NULL, NULL, 1, 1, NULL),
(344, 214, '2 BARRAS\r\n1 CALÇA AJUSTE\r\nAMARELA TIRAR COS\r\nLARGURA DA BEGE', '2012-07-30 00:00:00', '2012-08-17 00:00:00', '2012-08-06 00:00:00', 64.00, NULL, NULL, 1, 1, NULL),
(345, 279, '1 CASACO TROCAR BOTOES CINT. TAMBEM', '2012-07-30 00:00:00', '2012-08-01 00:00:00', NULL, 10.00, NULL, NULL, 1, 1, NULL),
(346, 45, 'DUAS ALMOFADAS E 1 FRONHA', '2012-07-30 00:00:00', '2012-08-06 00:00:00', NULL, 60.00, NULL, NULL, 1, 1, 2),
(347, 280, '3 CALÇAS REPARO\r\n', '2012-07-31 00:00:00', '2012-08-08 00:00:00', NULL, 35.00, NULL, NULL, 1, 1, NULL),
(348, 281, '1 AJUSTE PERNAS MACACÃO', '2012-07-31 00:00:00', '2012-08-03 00:00:00', NULL, 30.00, NULL, NULL, 1, 1, NULL),
(349, 282, '1 CALÇA BARRA E AJUSTE\r\n1 CALÇA AJUSTE E PERNA', '2012-07-31 00:00:00', '2012-08-16 00:00:00', '2012-08-07 00:00:00', 40.00, NULL, NULL, 1, 1, NULL),
(350, 164, '1 CASACO REPARO BOLSOS', '2012-07-31 00:00:00', '2012-08-09 00:00:00', NULL, 10.00, NULL, NULL, 1, 1, NULL),
(351, 283, 'TROCAR VIÉS', '2012-07-31 00:00:00', '2012-08-03 00:00:00', NULL, 15.00, NULL, NULL, 1, 1, NULL),
(352, 284, '1 VESTIDO AJUSTE', '2012-07-31 00:00:00', '2012-08-06 00:00:00', NULL, 15.00, NULL, NULL, 1, 1, NULL),
(353, 285, '1 CALÇA REFORÇAR COSTURAS', '2012-07-31 00:00:00', '2012-07-31 00:00:00', NULL, 5.00, NULL, NULL, 1, 0, NULL),
(354, 232, '1 BARRA E REPARO', '2012-07-31 00:00:00', '2012-07-31 00:00:00', NULL, 15.00, NULL, NULL, 1, 1, NULL),
(356, 275, '4 CALÇAS COLOCAR JOELHEIRAS', '2012-07-31 00:00:00', '2012-08-01 00:00:00', NULL, 60.00, NULL, NULL, 1, 1, NULL),
(357, 287, 'CALÇA GELO BAIXAR COS\r\nCALÇA XADREZ PENCIL\r\nPRETA AJUSTE\r\nCALÇA PENCIL - MALHA', '2012-06-29 00:00:00', '2012-07-31 00:00:00', NULL, 30.00, NULL, NULL, 1, 0, NULL),
(358, 83, '1 MANGA CAPA\r\n1 BARRA', '2012-07-31 00:00:00', '2012-08-31 00:00:00', '2012-08-08 00:00:00', 35.00, NULL, NULL, 1, 1, NULL),
(359, 164, '1 CASACO', '2012-07-23 00:00:00', '2012-07-31 00:00:00', NULL, 40.00, NULL, NULL, 1, 1, NULL),
(360, 288, 'A CALÇA SERZIR', '2012-07-31 00:00:00', '2012-07-30 00:00:00', NULL, 5.00, NULL, NULL, 1, 0, NULL),
(361, 140, '1 CALÇA BARRA', '2012-07-31 00:00:00', '2012-07-31 00:00:00', NULL, 15.00, NULL, NULL, 1, 0, NULL),
(362, 65, 'VÁRIOS NO MES DE JULHO', '2012-07-31 00:00:00', '2012-07-31 00:00:00', NULL, 120.00, NULL, NULL, 1, 0, NULL),
(363, 289, 'VÁRIAS MÊS DE JULHO', '2012-07-31 00:00:00', '2012-07-31 00:00:00', NULL, 165.00, NULL, NULL, 1, 0, NULL),
(364, 290, '1 BARRA CASACO\r\n1 BARRA CALÇA', '2012-07-31 00:00:00', '2012-08-02 00:00:00', NULL, 30.00, NULL, NULL, 1, 1, NULL),
(365, 291, 'ORÇAMENTO \r\n1 VESTIDO ENCURTAR ALÇA', '2012-07-31 00:00:00', '2012-08-03 00:00:00', NULL, 10.00, NULL, NULL, 1, 1, 3),
(366, 292, '1 PIJAMA REPARO', '2012-08-01 00:00:00', '2012-08-10 00:00:00', NULL, 10.00, NULL, NULL, 1, 1, 2),
(367, 293, '1 BLUSA BARRA E REPARO NA MANGA\r\n1 CALÇA AJUSTE', '2012-08-01 00:00:00', '2012-08-22 00:00:00', '2012-08-08 00:00:00', 32.00, NULL, NULL, 1, 1, NULL),
(368, 294, '3 CALÇAS BARRA POSTA', '2012-08-01 00:00:00', '2012-08-01 00:00:00', NULL, 45.00, NULL, NULL, 1, 1, NULL),
(369, 295, 'ZIPER', '2012-06-01 00:00:00', '2012-07-02 00:00:00', NULL, 30.00, NULL, NULL, 1, 0, NULL),
(370, 296, '2 BARRAS COMUNS', '2012-06-01 00:00:00', '2012-07-02 00:00:00', NULL, 25.00, NULL, NULL, 1, 0, NULL),
(371, 297, 'BARRA', '2012-06-01 00:00:00', '2012-07-02 00:00:00', NULL, 15.00, NULL, NULL, 1, 0, NULL),
(372, 298, 'REPAROS', '2012-06-01 00:00:00', '2012-07-02 00:00:00', NULL, 30.00, NULL, NULL, 1, 0, NULL),
(373, 299, 'ALMOFADAS FAZER COM FORR DOBRADO\r\nTROCAR ZIPER', '2012-06-01 00:00:00', '2012-07-02 00:00:00', NULL, 50.00, NULL, NULL, 1, 0, NULL),
(374, 19, '1 PALETO REPAROS', '2012-06-01 00:00:00', '2012-07-02 00:00:00', NULL, 10.00, NULL, NULL, 1, 0, NULL),
(375, 300, '1 CALÇA SOLTAR 6 CM CINT E BARRA\r\n1 CASACO SOLTAR LATERAIS\r\n', '2012-08-01 00:00:00', '2012-08-09 00:00:00', '2012-08-08 00:00:00', 45.00, NULL, NULL, 1, 1, NULL),
(376, 253, '1 CALÇA BARRA', '2012-08-01 00:00:00', '2012-08-06 00:00:00', NULL, 12.00, NULL, NULL, 1, 1, NULL),
(377, 301, 'CASACO AJUSTE', '2012-07-23 00:00:00', '2012-08-01 00:00:00', NULL, 40.00, NULL, NULL, 1, 0, NULL),
(378, 302, 'VESTIDO COLOCAR 3 DEDOS DE CETIM', '2012-07-23 00:00:00', '2012-08-06 00:00:00', NULL, NULL, NULL, NULL, 1, 1, NULL),
(379, 279, '1 CALÇA - AJUSTE E BARRA', '2012-08-01 00:00:00', '2012-08-03 00:00:00', NULL, 20.00, NULL, NULL, 1, 1, NULL),
(380, 303, 'REPARO DIVERSOS', '2012-06-01 00:00:00', '2012-08-01 00:00:00', NULL, 25.00, NULL, NULL, 1, 0, NULL),
(381, 304, '1 CALÇA SOLTAR CINT.', '2012-08-02 00:00:00', '2012-08-08 00:00:00', NULL, 20.00, NULL, NULL, 1, 0, NULL),
(382, 305, '1 VESTIDO FECHAR PREGAS', '2012-08-02 00:00:00', '2012-08-14 00:00:00', '2012-08-09 00:00:00', 25.00, NULL, NULL, 1, 1, NULL),
(383, 306, '1 BLUSÃO AJUSTE E COMP', '2012-08-02 00:00:00', '2012-08-09 00:00:00', '2012-08-08 00:00:00', 40.00, NULL, NULL, 1, 1, NULL),
(384, 9, '10 PIJAMAS ELÁSTICO\r\n1 CALÇA TROCAR AUMENTO\r\n1 CALÇA PRETA TIRAR ELÁSTICO\r\n1 JEANS BARRA', '2012-08-02 00:00:00', '2012-09-03 00:00:00', '2012-08-09 00:00:00', 110.00, NULL, NULL, 1, 1, NULL),
(385, 307, '1 BARRA BLUSA E BARRA NA SOBRA P/FAZER GOLA', '2012-08-02 00:00:00', '2012-08-14 00:00:00', '2012-08-08 00:00:00', 20.00, NULL, NULL, 1, 1, NULL),
(386, 308, '2 BLUSAS BARRA\r\n1 ROUPÃO SUBSTITUIR MANGA\r\nPAGO', '2012-08-02 00:00:00', '2012-08-07 00:00:00', NULL, 50.00, NULL, NULL, 1, 0, NULL),
(387, 209, 'VESTIDO ENCURTAR', '2012-08-02 00:00:00', '2012-08-03 00:00:00', NULL, 25.00, NULL, NULL, 1, 0, NULL);
INSERT INTO `orders` (`orderid`, `clientid`, `description`, `request_date`, `delivery_date`, `ready_date`, `value`, `cost`, `owner_old`, `delivered`, `ready`, `ownerid`) VALUES
(388, 101, '1 CALÇA AJUSTE PERNA E BARRA\r\n1 CALÇA REPARO', '2012-08-02 00:00:00', '2012-08-06 00:00:00', NULL, 30.00, NULL, NULL, 1, 0, NULL),
(389, 227, 'REPARO ZIPER\r\nCONSERTO BLUSA\r\nSUTAIN\r\nBOLSA TROCAR ZIPER', '2012-08-03 00:00:00', '2012-09-03 00:00:00', NULL, 30.00, NULL, NULL, 1, 1, 2),
(390, 309, '1 LENÇOL REPARO', '2012-08-03 00:00:00', '2012-08-06 00:00:00', NULL, 15.00, NULL, NULL, 1, 1, 2),
(391, 310, '1 VESTIDO AJUSTE\r\n1 CALÇA BOTÃO\r\n1 CALÇA COSTURA PERNA\r\n1 VESTIDO ENCURTAR \r\n1 CALÇA BARRA', '2012-08-03 00:00:00', '2012-08-31 00:00:00', '2012-08-09 00:00:00', 57.00, NULL, NULL, 1, 1, NULL),
(392, 29, '1 CALÇA SERZIR', '2012-08-03 00:00:00', '2012-08-22 00:00:00', '2012-08-09 00:00:00', 10.00, NULL, NULL, 1, 1, NULL),
(393, 311, '2 BARRAS\r\n1 RETORNO', '2012-08-01 00:00:00', '2012-08-13 00:00:00', NULL, 24.00, NULL, NULL, 1, 1, 2),
(394, 312, 'VÁRIOS REPAROS', '2012-06-28 00:00:00', '2012-08-03 00:00:00', NULL, 30.00, NULL, NULL, 1, 0, NULL),
(395, 313, '1 CASACO BARRA MANGA', '2012-08-03 00:00:00', '2012-08-07 00:00:00', '2012-08-08 00:00:00', 12.00, NULL, NULL, 0, 1, NULL),
(396, 314, '1 VESTIDO SOLTAR TODA BARRA\r\n1 VESTIDO BALONE, SOLTAR 3 DEDOS\r\n1 BATA AJUSTE LATERAIS E MANGA', '2012-08-03 00:00:00', '2012-08-14 00:00:00', '2012-08-13 00:00:00', 52.00, NULL, NULL, 1, 1, NULL),
(397, 225, '1 BARRA', '2012-08-03 00:00:00', '2012-08-28 00:00:00', '2012-08-07 00:00:00', 12.00, NULL, NULL, 1, 1, NULL),
(398, 253, '1 CALÇA BARRA - EDUARDO', '2012-08-03 00:00:00', '2012-08-06 00:00:00', NULL, 15.00, NULL, NULL, 1, 0, 2),
(399, 315, ' 1 SAIA AJUSTE CÓS', '2012-08-03 00:00:00', '2012-08-03 00:00:00', NULL, 25.00, NULL, NULL, 1, 1, NULL),
(400, 1, 'VESTIDO CORTAR FAZER SAIA\r\n', '2012-08-03 00:00:00', '2012-08-10 00:00:00', NULL, 45.00, NULL, NULL, 1, 1, NULL),
(401, 316, '1 VESTIDO REPAROS FORRO E ZIPER', '2012-08-03 00:00:00', '2012-08-15 00:00:00', '2012-08-13 00:00:00', 15.00, NULL, NULL, 1, 1, NULL),
(402, 317, '1 VESTIDO ZIPER', '2012-08-03 00:00:00', '2012-08-03 00:00:00', NULL, 20.00, NULL, NULL, 1, 0, NULL),
(403, 90, '1 VESTIDO BARRA', '2012-08-03 00:00:00', '2012-08-09 00:00:00', '2012-08-09 00:00:00', 20.00, NULL, NULL, 1, 1, NULL),
(404, 230, '1 VESTIDO BARRA\r\n1 BLAZER BARRA MANGA\r\n1 CAMISA', '2012-08-03 00:00:00', '2012-08-14 00:00:00', '2012-08-08 00:00:00', 55.00, NULL, NULL, 1, 1, NULL),
(405, 318, '2 PIJAMAS', '2012-08-06 00:00:00', '2012-08-15 00:00:00', '2012-08-09 00:00:00', 24.00, NULL, NULL, 1, 1, NULL),
(406, 319, 'CAMISA DIMINUIR COMP MANGA E FAZER PENCIL', '2012-08-06 00:00:00', '2012-08-16 00:00:00', '2012-08-13 00:00:00', 35.00, NULL, NULL, 1, 1, NULL),
(407, 260, '1 casaco manga e reparo', '2012-08-06 00:00:00', '2012-08-14 00:00:00', '2012-08-10 00:00:00', 25.00, NULL, NULL, 1, 1, NULL),
(408, 304, '1 calça barra', '2012-08-06 00:00:00', '2012-08-08 00:00:00', NULL, 15.00, NULL, NULL, 1, 0, NULL),
(409, 320, '1 calça reparo', '2012-08-06 00:00:00', '2012-08-31 00:00:00', '2012-08-10 00:00:00', 10.00, NULL, NULL, 1, 1, NULL),
(410, 76, '1 calça ajuste', '2012-08-06 00:00:00', '2012-08-07 00:00:00', NULL, 30.00, NULL, NULL, 1, 0, NULL),
(411, 273, '1 calça barra', '2012-08-06 00:00:00', '2012-08-10 00:00:00', '2012-08-09 00:00:00', 12.00, NULL, NULL, 1, 1, NULL),
(412, 59, 'diversos', '2012-08-06 00:00:00', '2012-08-07 00:00:00', NULL, 20.00, NULL, NULL, 1, 0, NULL),
(413, 321, '2 blusas soltar 7 cm costas (preto e floral)\r\n1 saida ajustar\r\n1 bermuda branca', '2012-08-06 00:00:00', '2012-08-13 00:00:00', NULL, 60.00, 60.00, NULL, 1, 0, 1),
(414, 256, '1 camisa barra\r\n1 calça barra alturas diferente', '2012-08-06 00:00:00', '2012-08-06 00:00:00', '2012-08-06 00:00:00', 27.00, NULL, NULL, 1, 1, NULL),
(415, 312, '3 reparos\r\n2 são retornos', '2012-08-06 00:00:00', '2012-08-27 00:00:00', '2012-08-10 00:00:00', 15.00, NULL, NULL, 1, 1, NULL),
(418, 193, '1 toalha  barra', '2012-08-06 00:00:00', '2012-08-21 00:00:00', NULL, 25.00, NULL, NULL, 1, 0, NULL),
(419, 45, '1 calça infantil', '2012-08-06 00:00:00', '2012-08-22 00:00:00', '2012-08-08 00:00:00', 5.00, 5.00, NULL, 1, 1, NULL),
(420, 322, '1 casacos ziper\r\n1 saia forro e renda', '2012-08-06 00:00:00', '2012-08-13 00:00:00', '2012-08-09 00:00:00', 65.00, NULL, NULL, 1, 1, NULL),
(421, 323, '1 blusão diminuir manga 1 dedo mais comp. - não encurtar no corpo\r\n1 calça ajuste', '2012-08-07 00:00:00', '2012-08-14 00:00:00', '2012-08-14 00:00:00', 45.00, NULL, NULL, 1, 1, NULL),
(422, 324, '2 toalhas barra\r\n1 pijama reparo\r\n1 ziper', '2012-08-07 00:00:00', '2012-08-16 00:00:00', NULL, 30.00, NULL, NULL, 1, 0, NULL),
(423, 325, '1 saia \r\n3 calças', '2012-08-07 00:00:00', '2012-08-13 00:00:00', '2012-08-13 00:00:00', 95.00, NULL, NULL, 1, 1, NULL),
(424, 326, '2 calças ajuste', '2012-08-07 00:00:00', '2012-08-14 00:00:00', '2012-08-13 00:00:00', 40.00, NULL, NULL, 1, 1, NULL),
(425, 203, 'refazer barra', '2012-08-07 00:00:00', '2012-08-21 00:00:00', '2012-08-09 00:00:00', 15.00, NULL, NULL, 1, 1, NULL),
(426, 327, 'jeans barra sem cortar', '2012-08-07 00:00:00', '2012-08-13 00:00:00', '2012-08-10 00:00:00', 15.00, NULL, NULL, 1, 1, NULL),
(427, 58, '1 barra \r\n2 calças ajustes', '2012-08-07 00:00:00', '2012-08-16 00:00:00', '2012-08-14 00:00:00', 55.00, NULL, NULL, 1, 1, NULL),
(428, 280, '1 calça reparo', '2012-08-07 00:00:00', '2012-08-08 00:00:00', NULL, 5.00, NULL, NULL, 1, 0, NULL),
(429, 308, '1 casaco tirar punho fazer barra fechar abertura', '2012-08-07 00:00:00', '2012-08-09 00:00:00', '2012-08-08 00:00:00', 15.00, NULL, NULL, 1, 1, NULL),
(430, 150, '1 bermuda reparo\r\n1 vestido barra e ajuste', '2012-08-07 00:00:00', '2012-08-14 00:00:00', '2012-08-13 00:00:00', 35.00, NULL, NULL, 1, 1, NULL),
(431, 328, '2 camisetas barra', '2012-08-07 00:00:00', '2012-08-15 00:00:00', NULL, 24.00, NULL, NULL, 1, 0, NULL),
(432, 251, '1 camiseta barra\r\n1 calça botão', '2012-08-07 00:00:00', '2012-08-14 00:00:00', '2012-08-10 00:00:00', 17.00, NULL, NULL, 1, 1, NULL),
(433, 329, '1 saia barra 30,00\r\n1 casaco ziper', '2012-08-07 00:00:00', '2012-08-14 00:00:00', NULL, 45.00, NULL, NULL, 1, 0, NULL),
(434, 133, '1 calça barra pago', '2012-08-07 00:00:00', '2012-08-16 00:00:00', '2012-08-13 00:00:00', 15.00, NULL, NULL, 1, 1, NULL),
(435, 330, '1 camisa pulsos', '2012-08-08 00:00:00', '2012-08-13 00:00:00', NULL, 15.00, NULL, NULL, 1, 0, NULL),
(436, 331, 'vestido trocar fecho', '2012-08-08 00:00:00', '2012-08-16 00:00:00', NULL, 20.00, NULL, NULL, 1, 0, NULL),
(437, 332, '1 casaco ombro\r\n1 vestido ajuste\r\n1 casaco ombro\r\n1 vestido soltar', '2012-08-08 00:00:00', '2012-08-17 00:00:00', '2012-08-14 00:00:00', 40.00, NULL, NULL, 1, 1, 1),
(438, 333, 'regata reparo\r\n2 legings igual modelo\r\n1 camisola costurar alça\r\necharp fazer barra\r\nbermuda ajuste\r\nbermuda branca c/vira\r\nbermuda marrom "', '2012-08-08 00:00:00', '2012-08-21 00:00:00', '2012-08-15 00:00:00', 120.00, NULL, NULL, 1, 1, NULL),
(439, 334, '1 barra', '2012-08-08 00:00:00', '2012-08-15 00:00:00', '2012-08-14 00:00:00', 15.00, NULL, NULL, 1, 1, NULL),
(440, 194, '1 blusa\r\nbusto 104 (102)\r\ncostas 40\r\nmanga 61', '2012-08-08 00:00:00', '2012-08-16 00:00:00', NULL, 70.00, NULL, NULL, 1, 0, NULL),
(441, 335, '1 vestido ajuste', '2012-08-08 00:00:00', '2012-08-09 00:00:00', '2012-08-08 00:00:00', 30.00, NULL, NULL, 1, 1, NULL),
(442, 336, '1 jaleco barra e manga', '2012-08-07 00:00:00', '2012-08-08 00:00:00', '2012-08-08 00:00:00', 25.00, NULL, NULL, 1, 1, 2),
(443, 337, '2 blusas diminuir laterais\r\n1 calça barra', '2012-08-08 00:00:00', '2012-08-13 00:00:00', '2012-08-10 00:00:00', 51.00, 51.00, NULL, 1, 1, NULL),
(444, 338, '2 barras', '2012-08-08 00:00:00', '2012-08-09 00:00:00', '2012-08-09 00:00:00', 30.00, NULL, NULL, 1, 1, NULL),
(445, 339, '1 paleto manga', '2012-07-30 00:00:00', '2012-08-08 00:00:00', NULL, 25.00, NULL, NULL, 1, 0, NULL),
(446, 340, '1 pijama colocar cordão', '2012-08-08 00:00:00', '2012-08-15 00:00:00', '2012-08-09 00:00:00', 10.00, NULL, NULL, 1, 1, 2),
(447, 285, '1 bolsa forro reparo', '2012-08-08 00:00:00', '2012-08-21 00:00:00', NULL, 15.00, NULL, NULL, 1, 0, NULL),
(448, 341, '1 calça reparo bolso refazer barra', '2012-08-08 00:00:00', '2012-08-13 00:00:00', NULL, 15.00, NULL, NULL, 1, 0, NULL),
(449, 342, '1 calça ajuste\r\n1 vestido aumentar forro com azul largura do bababo', '2012-08-08 00:00:00', '2012-08-17 00:00:00', '2012-08-15 00:00:00', 50.00, NULL, NULL, 1, 1, NULL),
(450, 205, '1 calça ajustar\r\n1 saia retorno', '2012-08-08 00:00:00', '2012-08-21 00:00:00', '2012-08-16 00:00:00', 20.00, NULL, NULL, 1, 1, NULL),
(451, 343, '1 calça refazer bolso reparo nos outros', '2012-08-09 00:00:00', '2012-08-23 00:00:00', '2012-08-16 00:00:00', 20.00, NULL, NULL, 1, 1, 2),
(452, 35, '2 calças ajuste e barra', '2012-08-09 00:00:00', '2012-08-10 00:00:00', '2012-08-09 00:00:00', 25.00, NULL, NULL, 1, 1, NULL),
(453, 344, 'vestido perola refazer bordados\r\nverde ziper\r\nfloral preto e cru reparo\r\ncamisa reparos geral - tirar caseado gola\r\n1 calça ajuste\r\n1 jeans ajuste e barra\r\n1 patalona ajuste e barra\r\n1 calça preta ajuste e barra\r\n1 jeans ajuste e barra', '2012-08-09 00:00:00', '2012-08-17 00:00:00', NULL, 180.00, 100.00, NULL, 1, 0, NULL),
(454, 345, '1 calça soltar cos\r\nrecosturar lateral \r\n1 saia ajuste lateral', '2012-06-20 00:00:00', '2012-08-09 00:00:00', NULL, 30.00, NULL, NULL, 1, 0, NULL),
(455, 25, '1 camisa ajuste', '2012-08-09 00:00:00', '2012-09-03 00:00:00', '2012-08-22 00:00:00', 25.00, NULL, NULL, 1, 1, 1),
(456, 346, '2 calças ajuste', '2012-08-09 00:00:00', '2012-08-09 00:00:00', NULL, 55.00, NULL, NULL, 1, 0, NULL),
(457, 347, 'calça vermelha barra e soltar elástico\r\ncalça azul barra e  elástico\r\njeans barra ajuste', '2012-08-09 00:00:00', '2012-08-22 00:00:00', '2012-08-17 00:00:00', 55.00, NULL, NULL, 1, 1, NULL),
(458, 197, '1 jeans \r\n2 pijamas ???', '2012-08-09 00:00:00', '2012-08-13 00:00:00', NULL, 80.00, NULL, NULL, 1, 0, NULL),
(459, 348, '1 calça barra', '2012-08-09 00:00:00', '2012-08-17 00:00:00', '2012-08-15 00:00:00', 15.00, NULL, NULL, 1, 1, NULL),
(460, 349, '1 vestido ziper\r\n1 colete ziper\r\n1 calça costurar 1 dedo meio da perna ate o joelho\r\n1 blusa costurar lateral', '2012-08-10 00:00:00', '2012-08-17 00:00:00', '2012-08-21 00:00:00', 68.00, NULL, NULL, 0, 1, NULL),
(462, 351, '1 calça ajuste', '2012-08-10 00:00:00', '2012-08-16 00:00:00', NULL, 20.00, NULL, NULL, 1, 0, NULL),
(463, 352, '1 barra macacão', '2012-08-10 00:00:00', '2012-08-17 00:00:00', NULL, 15.00, NULL, NULL, 1, 0, NULL),
(464, 353, '- marron tirar manga \r\najuste barra\r\n1 barra\r\n2 blusas ajuste\r\n', '2012-08-10 00:00:00', '2012-08-24 00:00:00', '2012-08-23 00:00:00', 90.00, NULL, NULL, 1, 1, NULL),
(465, 354, '3 calças ajuste e barra\r\n1 saia ajuste e cos', '2012-08-10 00:00:00', '2012-08-17 00:00:00', '2012-08-14 00:00:00', 110.00, NULL, NULL, 1, 1, NULL),
(466, 237, '1 calça social barra ', '2012-08-10 00:00:00', '2012-08-13 00:00:00', '2012-08-10 00:00:00', 15.00, NULL, NULL, 1, 1, NULL),
(467, 315, '1 barra jeans', '2012-08-10 00:00:00', '2012-08-13 00:00:00', NULL, 15.00, NULL, NULL, 1, 0, NULL),
(468, 90, 'leagging elástico', '2012-08-10 00:00:00', '2012-08-14 00:00:00', NULL, NULL, NULL, NULL, 0, 0, 0),
(469, 355, 'recostura cós', '2012-08-10 00:00:00', '2012-08-27 00:00:00', '2012-08-22 00:00:00', 10.00, 10.00, NULL, 1, 1, NULL),
(470, 142, 'almofadas p bebe', '2012-08-02 00:00:00', '2012-08-13 00:00:00', '2012-08-10 00:00:00', 25.00, NULL, NULL, 1, 1, NULL),
(471, 356, 'ficou devendo 15,00\r\nvários', '2012-07-25 00:00:00', '2012-08-10 00:00:00', NULL, 50.00, NULL, NULL, 1, 0, NULL),
(472, 356, '1 vestido', '2012-08-10 00:00:00', '2012-08-23 00:00:00', NULL, NULL, NULL, NULL, 0, 0, 0),
(474, 1, 'cintos', '2012-08-20 00:00:00', '2012-08-10 00:00:00', NULL, 10.00, NULL, NULL, 1, 0, NULL),
(475, 1, 'Vários', '2012-08-01 00:00:00', '2012-08-10 00:00:00', NULL, 45.00, NULL, NULL, 1, 0, NULL),
(476, 1, '1 cinto\r\n2 saias\r\n1 calça', '2012-08-10 00:00:00', '2012-08-13 00:00:00', '2012-08-10 00:00:00', 45.00, NULL, NULL, 1, 1, NULL),
(477, 1, '1 cortina', '2012-08-10 00:00:00', '2012-08-22 00:00:00', '2012-08-22 00:00:00', 30.00, NULL, NULL, 1, 1, NULL),
(478, 357, '1 vestido fazer frente barra encurtar ombro cinto - e cint.', '2012-08-13 00:00:00', '2012-08-28 00:00:00', '2012-08-22 00:00:00', 40.00, NULL, NULL, 1, 1, NULL),
(479, 337, '1 vestido infantil \r\npago', '2012-08-13 00:00:00', '2012-08-17 00:00:00', NULL, 40.00, NULL, NULL, 1, 0, NULL),
(480, 358, '1 saia reparo\r\n1 calça ziper\r\n5 ajuste', '2012-08-13 00:00:00', '2012-08-31 00:00:00', '2012-08-22 00:00:00', 90.00, NULL, NULL, 1, 1, 1),
(481, 359, '2 cortinas 10 cm mais comprida que o modelo\r\n2 mantas fechar', '2012-08-13 00:00:00', '2012-08-24 00:00:00', '2012-08-22 00:00:00', 150.00, NULL, NULL, 1, 1, NULL),
(482, 360, '1 barra comum', '2012-08-13 00:00:00', '2012-08-17 00:00:00', NULL, 12.00, NULL, NULL, 1, 0, NULL),
(483, 1, '1 vestido ajuste', '2012-08-13 00:00:00', '2012-08-22 00:00:00', '2012-08-17 00:00:00', 20.00, NULL, NULL, 1, 1, NULL),
(484, 361, '1 calça ajuste', '2012-08-13 00:00:00', '2012-08-16 00:00:00', NULL, 20.00, NULL, NULL, 1, 0, NULL),
(485, 34, '2 barras', '2012-08-13 00:00:00', '2012-08-20 00:00:00', '2012-08-15 00:00:00', 30.00, NULL, NULL, 1, 1, NULL),
(486, 362, '1 vestido barra\r\n1 camisa subir punho\r\n1 manga fechar\r\n1 barra manga', '2012-08-13 00:00:00', '2012-08-22 00:00:00', '2012-08-16 00:00:00', 60.00, NULL, NULL, 1, 1, NULL),
(487, 363, '2 calças ajuste ebarra', '2012-08-13 00:00:00', '2012-08-23 00:00:00', '2012-08-22 00:00:00', 50.00, NULL, NULL, 1, 1, 1),
(488, 364, '1 camisa barra', '2012-08-13 00:00:00', '2012-08-20 00:00:00', NULL, 12.00, NULL, NULL, 1, 0, NULL),
(489, 52, '3 calças ajuste\r\n1 para o dia 14/08', '2012-08-13 00:00:00', '2012-08-31 00:00:00', '2012-08-22 00:00:00', 140.00, NULL, NULL, 1, 1, NULL),
(490, 365, 'velcro no ombro\r\n1 blusa alça costas\r\ncalça colocar elástico atras\r\nblusa perta fazer arredondado o corte', '2012-08-13 00:00:00', '2012-09-03 00:00:00', '2012-08-17 00:00:00', NULL, NULL, NULL, 1, 1, NULL),
(492, 157, '2 jaquetas ziper', '2012-08-13 00:00:00', '2012-08-13 00:00:00', NULL, 20.00, NULL, NULL, 1, 0, NULL),
(493, 366, '1 bermuda botão\r\n1 camisa ajuste laterais', '2012-08-13 00:00:00', '2012-08-16 00:00:00', '2012-08-15 00:00:00', 20.00, NULL, NULL, 1, 1, NULL),
(494, 367, '1 vestido xadrez - fazer', '2012-08-07 00:00:00', '2012-08-13 00:00:00', NULL, 50.00, NULL, NULL, 1, 0, NULL),
(495, 321, 'bermuda\r\nblusas\r\nvestido', '2012-08-08 00:00:00', '2012-08-13 00:00:00', NULL, 105.00, NULL, NULL, 1, 0, NULL),
(496, 365, '1 saia ajuste laterais', '2012-08-13 00:00:00', '2012-09-03 00:00:00', '2012-08-17 00:00:00', NULL, NULL, NULL, 1, 1, NULL),
(497, 368, '1 saia ajustar', '2012-08-14 00:00:00', '2012-08-16 00:00:00', '2012-08-15 00:00:00', 25.00, NULL, NULL, 1, 1, NULL),
(498, 369, '1 calça social - barra', '2012-08-14 00:00:00', '2012-08-20 00:00:00', '2012-08-20 00:00:00', 18.00, NULL, NULL, 0, 1, NULL),
(499, 211, '2 calças barra a tarde', '2012-08-14 00:00:00', '2012-08-17 00:00:00', '2012-08-16 00:00:00', 30.00, NULL, NULL, 1, 1, NULL),
(500, 370, '1 calça ajustar perna igual modelo', '2012-08-14 00:00:00', '2012-09-03 00:00:00', '2012-08-20 00:00:00', 20.00, NULL, NULL, 1, 1, NULL),
(501, 14, '1 calças', '2012-08-14 00:00:00', '2012-08-17 00:00:00', NULL, 15.00, NULL, NULL, 1, 0, NULL),
(502, 293, '1 bolsa refazer bordados', '2012-08-14 00:00:00', '2012-08-22 00:00:00', '2012-08-16 00:00:00', 5.00, NULL, NULL, 1, 1, NULL),
(503, 60, 'vários', '2012-08-14 00:00:00', '2012-08-14 00:00:00', NULL, 85.00, NULL, NULL, 1, 0, NULL),
(504, 371, '1 calça ajuste', '2012-08-14 00:00:00', '2012-08-20 00:00:00', '2012-08-16 00:00:00', 20.00, NULL, NULL, 1, 1, NULL),
(505, 147, '1 casaco forro\r\n1 casaco cinto passante\r\n2 calças joelheiras', '2012-08-07 00:00:00', '2012-08-22 00:00:00', '2012-08-16 00:00:00', 90.00, NULL, NULL, 1, 1, NULL),
(506, 372, '1 camisa branca ajuste e barra\r\n1 camisa marinho ajuste\r\n1 calça ajuste e barra\r\n1 calça barra', '2012-08-14 00:00:00', '2012-08-22 00:00:00', '2012-08-21 00:00:00', 80.00, NULL, NULL, 1, 1, NULL),
(507, 373, 'ajuste vestido\r\najuste top\r\n1 barra', '2012-08-14 00:00:00', '2012-08-14 00:00:00', '2012-08-14 00:00:00', 50.00, NULL, NULL, 1, 1, NULL),
(508, 374, '2 lençois fazer vira\r\n1 reparo\r\n1 el´stico\r\n1 barra\r\n1 barra', '2012-08-14 00:00:00', '2012-08-21 00:00:00', NULL, 75.00, NULL, NULL, 1, 0, NULL),
(509, 375, 'saia barra', '2012-08-14 00:00:00', '2012-08-20 00:00:00', NULL, 12.00, NULL, NULL, 1, 0, NULL),
(510, 188, '1 camisa diminuir\r\n1 capa almofada ziper', '2012-08-14 00:00:00', '2012-08-23 00:00:00', NULL, 40.00, NULL, NULL, 1, 0, NULL),
(511, 376, '1 jeans\r\n1 calça ajuste', '2012-05-09 00:00:00', '2012-08-14 00:00:00', NULL, 35.00, NULL, NULL, 1, 0, NULL),
(512, 354, '3 calças barra', '2012-08-14 00:00:00', '2012-08-14 00:00:00', NULL, 45.00, NULL, NULL, 1, 0, NULL),
(513, 377, '2 barras', '2012-08-15 00:00:00', '2012-08-17 00:00:00', '2012-08-17 00:00:00', 25.00, NULL, NULL, 1, 1, NULL),
(514, 144, '3 camisetas tirar punho\r\nvirar colarinho\r\nelástico bermuda\r\ntirar passante', '2012-08-15 00:00:00', '2012-08-24 00:00:00', '2012-08-21 00:00:00', 40.00, NULL, NULL, 1, 1, NULL),
(515, 378, '2 barras comum', '2012-08-15 00:00:00', '2012-08-21 00:00:00', NULL, 30.00, NULL, NULL, 1, 0, NULL),
(516, 273, '1 barra e ajuste', '2012-08-15 00:00:00', '2012-08-17 00:00:00', '2012-08-16 00:00:00', 20.00, NULL, NULL, 1, 1, NULL),
(517, 215, '2 casaquinhos costurar frente', '2012-08-15 00:00:00', '2012-08-20 00:00:00', NULL, 15.00, NULL, NULL, 1, 0, NULL),
(518, 379, '1 calça ajuste e barra', '2012-08-15 00:00:00', '2012-08-17 00:00:00', '2012-08-16 00:00:00', 50.00, NULL, NULL, 1, 1, NULL),
(519, 380, 'Fita no ombro 26 cm\r\n1 casaco ajustar manga e barra\r\n1 casaco ajuste e pressão', '2012-08-15 00:00:00', '2012-08-16 00:00:00', '2012-08-15 00:00:00', 60.00, NULL, NULL, 1, 1, NULL),
(520, 381, '1 vestido ajuste', '2012-08-15 00:00:00', '2012-08-16 00:00:00', '2012-08-16 00:00:00', 15.00, NULL, NULL, 1, 1, NULL),
(521, 382, '1 blusa alça\r\n1 vestido tirar renda barra', '2012-08-15 00:00:00', '2012-08-17 00:00:00', NULL, 40.00, NULL, NULL, 1, 0, NULL),
(522, 383, '1 vestido ajuste e barra\r\n1 camisa barra a mesma proporção q este', '2012-08-16 00:00:00', '2012-08-24 00:00:00', '2012-08-21 00:00:00', 45.00, NULL, NULL, 1, 1, NULL),
(523, 384, '1 calça ajuste e barra', '2012-08-16 00:00:00', '2012-08-17 00:00:00', '2012-08-16 00:00:00', 30.00, NULL, NULL, 1, 1, NULL),
(524, 385, '1 calça barra\r\n1 ziper\r\n1 calça barra', '2012-08-07 00:00:00', '2012-08-16 00:00:00', '2012-08-16 00:00:00', 45.00, NULL, NULL, 1, 1, NULL),
(526, 132, '1 calça barra posta', '2012-08-16 00:00:00', '2012-08-23 00:00:00', NULL, 18.00, NULL, NULL, 1, 0, NULL),
(527, 387, '1 pijama barra', '2012-08-10 00:00:00', '2012-08-16 00:00:00', NULL, 12.00, NULL, NULL, 1, 0, NULL),
(528, 324, '1 pijama elástico', '2012-08-16 00:00:00', '2012-08-31 00:00:00', '2012-08-16 00:00:00', 10.00, NULL, NULL, 1, 1, NULL),
(529, 65, '1 calça', '2012-08-16 00:00:00', '2012-08-17 00:00:00', '2012-08-16 00:00:00', 30.00, NULL, NULL, 1, 1, NULL),
(530, 388, '3 camisas ajustes', '2012-08-16 00:00:00', '2012-08-27 00:00:00', '2012-08-23 00:00:00', 40.00, NULL, NULL, 1, 1, NULL),
(531, 148, '1 blusa barra', '2012-08-16 00:00:00', '2012-08-17 00:00:00', NULL, 12.00, NULL, NULL, 1, 0, NULL),
(532, 341, '1 terno ajuste e barra', '2012-08-16 00:00:00', '2012-08-22 00:00:00', NULL, 50.00, NULL, NULL, 1, 0, 2),
(533, 389, '10 peças', '2012-08-16 00:00:00', '2012-09-04 00:00:00', '2012-08-27 00:00:00', 120.00, NULL, NULL, 1, 1, NULL),
(534, 178, '2 pijamas\r\n1 casaco', '2012-08-16 00:00:00', '2012-08-24 00:00:00', '2012-08-22 00:00:00', 20.00, NULL, NULL, 1, 1, NULL),
(535, 390, 'calça deixar largura da boca', '2012-08-17 00:00:00', '2012-08-24 00:00:00', NULL, 20.00, NULL, NULL, 1, 0, NULL),
(536, 121, '1 calça reparo', '2012-08-17 00:00:00', '2012-08-22 00:00:00', NULL, 15.00, NULL, NULL, 1, 0, NULL),
(537, 391, '1 bermuda bege\r\n1 blazer', '2012-08-17 00:00:00', '2012-08-31 00:00:00', NULL, 75.00, NULL, NULL, 0, 0, 0),
(538, 392, '2 calças', '2012-08-17 00:00:00', '2012-08-23 00:00:00', '2012-08-22 00:00:00', 15.00, NULL, NULL, 1, 1, NULL),
(539, 24, '1 fronha ziper', '2012-08-17 00:00:00', '2012-08-24 00:00:00', NULL, 10.00, NULL, NULL, 1, 0, 2),
(540, 214, '1 camisa punho fechar abertura', '2012-08-17 00:00:00', '2012-08-23 00:00:00', NULL, NULL, NULL, NULL, 0, 0, 0),
(541, 393, '1 vestido renda ', '2012-08-17 00:00:00', '2012-08-28 00:00:00', NULL, 50.00, NULL, NULL, 1, 0, NULL),
(542, 394, '1 vestido ajuste', '2012-08-17 00:00:00', '2012-08-17 00:00:00', '2012-08-17 00:00:00', 20.00, NULL, NULL, 1, 1, NULL),
(543, 251, '2 calças barra', '2012-08-17 00:00:00', '2012-08-23 00:00:00', '2012-08-22 00:00:00', 30.00, NULL, NULL, 1, 1, NULL),
(544, 395, '1 saia elástico no cós', '2012-08-17 00:00:00', '2012-08-27 00:00:00', '2012-08-23 00:00:00', 15.00, NULL, NULL, 1, 1, NULL),
(545, 39, '1 vestido \r\n1 top', '2012-08-17 00:00:00', '2012-08-24 00:00:00', NULL, 20.00, NULL, NULL, 0, 0, 0),
(546, 384, '1 casaco ajuste', '2012-08-17 00:00:00', '2012-08-31 00:00:00', NULL, 40.00, NULL, NULL, 0, 0, 0),
(548, 396, '1 camiseta reparo\r\n1 barra', '2012-08-17 00:00:00', '2012-08-27 00:00:00', '2012-08-22 00:00:00', 15.00, NULL, NULL, 1, 1, NULL),
(549, 397, '1 calças barra', '2012-08-17 00:00:00', '2012-08-28 00:00:00', '2012-08-23 00:00:00', 30.00, NULL, NULL, 1, 1, NULL),
(550, 352, '1 camiseta fazer regata\r\n1 barra', '2012-08-17 00:00:00', '2012-08-24 00:00:00', '2012-08-22 00:00:00', 35.00, NULL, NULL, 1, 1, NULL),
(551, 398, '1 calça barra\r\n1 jeans cos e gancho\r\n1 vestido barra\r\n1 vestido renda', '2012-08-17 00:00:00', '2012-08-27 00:00:00', '2012-08-22 00:00:00', 97.00, NULL, NULL, 1, 1, NULL),
(552, 344, '1 vestido bordados\r\npago', '2012-08-17 00:00:00', '2012-08-20 00:00:00', '2012-08-20 00:00:00', 0.00, NULL, NULL, 0, 1, NULL),
(553, 399, '1 calça barra ajuste\r\n1 barra', '2012-08-17 00:00:00', '2012-08-23 00:00:00', '2012-08-22 00:00:00', 35.00, NULL, NULL, 1, 1, NULL),
(555, 322, '1 blazer barra manga\r\n', '2012-08-17 00:00:00', '2012-08-28 00:00:00', NULL, 20.00, NULL, NULL, 1, 0, NULL),
(556, 401, '2 cortinas pregar tiras', '2012-08-14 00:00:00', '2012-08-17 00:00:00', NULL, 20.00, NULL, NULL, 1, 0, NULL),
(557, 402, '1 calça refazer', '2012-08-17 00:00:00', '2012-08-17 00:00:00', NULL, 30.00, NULL, NULL, 1, 0, NULL),
(558, 403, '2 barras\r\n1 reparo e cos', '2012-08-20 00:00:00', '2012-08-24 00:00:00', NULL, 45.00, NULL, NULL, 1, 0, NULL),
(559, 275, '1 barra recolocada\r\n1 reparo', '2012-08-20 00:00:00', '2012-08-27 00:00:00', '2012-08-22 00:00:00', 25.00, NULL, NULL, 1, 1, NULL),
(560, 142, 'lençol bebê conformto', '2012-08-20 00:00:00', '2012-08-30 00:00:00', NULL, 15.00, NULL, NULL, 1, 0, NULL),
(561, 260, '1 saia barra', '2012-08-20 00:00:00', '2012-08-27 00:00:00', NULL, 20.00, NULL, NULL, 1, 0, NULL),
(562, 404, '1 saia ajuste\r\n1 saia ajuste\r\npago', '2012-08-20 00:00:00', '2012-08-24 00:00:00', '2012-08-24 00:00:00', 50.00, NULL, NULL, 1, 1, NULL),
(563, 309, '3 barras', '2012-08-20 00:00:00', '2012-08-21 00:00:00', '2012-08-20 00:00:00', 45.00, NULL, NULL, 1, 1, NULL),
(564, 9, 'viscolycra branca ou marinho\r\nfloral aumentar 7cm\r\nbranco\r\nbermuda jeans colocar lycra cint\r\nfloral reparo\r\n\r\n', '2012-08-20 00:00:00', NULL, NULL, NULL, NULL, NULL, 0, 0, 0),
(565, 405, '1 bermuda botão\r\n1 camisa ajuste manga', '2012-08-20 00:00:00', '2012-08-27 00:00:00', '2012-08-22 00:00:00', 15.00, NULL, NULL, 1, 1, NULL),
(566, 406, '1 camisa diminuir como modelo\r\n1 barra', '2012-08-20 00:00:00', '2012-08-24 00:00:00', NULL, 35.00, NULL, NULL, 1, 0, NULL),
(567, 407, '1 caniseta\r\n1 ziper', '2012-08-20 00:00:00', '2012-08-27 00:00:00', '2012-08-24 00:00:00', 15.00, NULL, NULL, 0, 1, NULL),
(568, 408, '1 barra camiseta', '2012-08-20 00:00:00', '2012-08-28 00:00:00', '2012-08-22 00:00:00', 12.00, NULL, NULL, 1, 1, NULL),
(569, 60, '1 saia \r\n1 camisa', '2012-08-17 00:00:00', '2012-08-31 00:00:00', '2012-08-20 00:00:00', 25.00, NULL, NULL, 1, 1, NULL),
(570, 150, '1 saia barra', '2012-08-14 00:00:00', '2012-08-20 00:00:00', NULL, 20.00, NULL, NULL, 1, 0, NULL),
(571, 409, '1 calça barra\r\n1 camisa barra', '2012-08-20 00:00:00', '2012-08-22 00:00:00', '2012-08-22 00:00:00', 27.00, NULL, NULL, 1, 1, NULL),
(572, 410, '1 vestido ajuste\r\n30,00 cobrar da Marta', '2012-08-20 00:00:00', '2012-08-24 00:00:00', '2012-08-24 00:00:00', NULL, NULL, NULL, 1, 1, NULL),
(573, 411, '1 calça barra\r\n1 saia cos', '2012-08-20 00:00:00', '2012-08-28 00:00:00', '2012-08-24 00:00:00', 45.00, NULL, NULL, 1, 1, 1),
(575, 412, '1 barra', '2012-08-20 00:00:00', '2012-08-20 00:00:00', NULL, 10.00, NULL, NULL, 1, 0, NULL),
(576, 20, '4 calças\r\n3 batas', '2012-08-21 00:00:00', '2012-08-31 00:00:00', NULL, 90.00, NULL, NULL, 1, 0, 1),
(577, 413, '1 vestido ajuste', '2012-08-21 00:00:00', '2012-08-31 00:00:00', '2012-08-27 00:00:00', 50.00, NULL, NULL, 1, 1, 1),
(578, 181, '1 calça cos \r\n1 calça barra', '2012-08-21 00:00:00', '2012-08-27 00:00:00', '2012-08-24 00:00:00', 30.00, NULL, NULL, 1, 1, NULL),
(579, 414, '5 calças\r\n2 calças\r\n1 blusa', '2012-08-21 00:00:00', '2012-08-24 00:00:00', '2012-08-23 00:00:00', 130.00, NULL, NULL, 1, 1, NULL),
(580, 193, '1 ziper', '2012-08-21 00:00:00', '2012-08-27 00:00:00', '2012-08-24 00:00:00', NULL, NULL, NULL, 0, 1, NULL),
(581, 60, '2 vestidos\r\n1 barra da cliente calça branca e preta', '2012-08-21 00:00:00', '2012-08-31 00:00:00', '2012-08-24 00:00:00', 55.00, NULL, NULL, 1, 1, NULL),
(582, 415, 'calça gestante para aumentar', '2012-08-21 00:00:00', '2012-08-21 00:00:00', NULL, NULL, NULL, NULL, 1, 0, NULL),
(583, 374, '1 calça social ziper', '2012-08-21 00:00:00', '2012-08-29 00:00:00', '2012-08-28 00:00:00', 15.00, NULL, NULL, 1, 1, NULL),
(584, 157, '1 ziper', '2012-08-21 00:00:00', '2012-08-21 00:00:00', NULL, 10.00, NULL, NULL, 1, 0, NULL),
(585, 416, '1 calça barra', '2012-08-21 00:00:00', '2012-08-28 00:00:00', NULL, 15.00, NULL, NULL, 1, 0, NULL),
(586, 101, 'trocar elástico lençol igual modelo (elástico mais largo é o modelo)', '2012-08-21 00:00:00', '2012-09-04 00:00:00', '2012-08-29 00:00:00', 25.00, NULL, NULL, 1, 1, NULL),
(587, 417, '1 calça ajuste cós', '2012-08-21 00:00:00', '2012-08-24 00:00:00', '2012-08-24 00:00:00', 20.00, NULL, NULL, 1, 1, NULL),
(588, 358, '3 camisas', '2012-08-22 00:00:00', '2012-08-31 00:00:00', '2012-08-24 00:00:00', 60.00, NULL, NULL, 0, 1, 1),
(589, 418, '2 calças reforçar costura\r\nabrigo joelheira e um cerzido', '2012-08-22 00:00:00', '2012-08-24 00:00:00', '2012-08-22 00:00:00', 30.00, NULL, NULL, 1, 1, NULL),
(590, 419, '1 saia cós\r\n1 blusa alça e bojo\r\n', '2012-08-22 00:00:00', '2012-08-28 00:00:00', '2012-08-24 00:00:00', 40.00, NULL, NULL, 1, 1, NULL),
(591, 240, '1 blusa barra e manga', '2012-08-22 00:00:00', '2012-08-30 00:00:00', '2012-08-28 00:00:00', 20.00, NULL, NULL, 1, 1, NULL),
(592, 338, 'retorno calça', '2012-08-22 00:00:00', '2012-08-24 00:00:00', NULL, NULL, NULL, NULL, 0, 0, 0),
(593, 1, '2 cintos 10,00\r\n1 reparo calça \r\n1 barra corsário\r\n1 macacão alça e reparo lado furinho', '2012-08-22 00:00:00', '2012-08-29 00:00:00', NULL, 30.00, NULL, NULL, 1, 0, NULL),
(594, 420, '1 blusa sexta ao meio dia', '2012-08-22 00:00:00', '2012-08-24 00:00:00', NULL, NULL, NULL, NULL, 0, 0, 0),
(595, 421, '1 calça recosturar\r\n1 barra saia\r\n1 vestido ajuste e barra\r\n1 saia ajuste\r\n1 blusa', '2012-08-22 00:00:00', '2012-08-28 00:00:00', '2012-08-24 00:00:00', 110.00, NULL, NULL, 0, 1, 1),
(596, 422, '1 calça colocar ganchinho\r\n1 calça ziper\r\n1 calça fazer bermuda\r\n1 blusa tirar elástico', '2012-08-22 00:00:00', '2012-09-03 00:00:00', '2012-08-28 00:00:00', 45.00, NULL, NULL, 1, 1, NULL),
(597, 192, '7 calças\r\n1 vestido preto\r\n1 blusa azul barra\r\n1 blusa preta alça\r\n1short preto ', '2012-08-22 00:00:00', '2012-09-03 00:00:00', NULL, 240.00, NULL, NULL, 1, 0, 1),
(599, 59, '1 saia elástico', '2012-08-22 00:00:00', '2012-08-27 00:00:00', NULL, 15.00, NULL, NULL, 1, 0, NULL),
(600, 108, '7 camisas', '2012-08-22 00:00:00', '2012-08-23 00:00:00', '2012-08-24 00:00:00', NULL, NULL, NULL, 0, 1, NULL),
(601, 45, '2 macacões\r\n1 calça\r\n1 calça bebe', '2012-08-22 00:00:00', '2012-08-31 00:00:00', '2012-08-28 00:00:00', 72.00, NULL, NULL, 1, 1, NULL),
(602, 424, '2 calças barra comum', '2012-08-22 00:00:00', '2012-08-29 00:00:00', '2012-08-28 00:00:00', 30.00, NULL, NULL, 0, 1, NULL),
(603, 95, '1 calça barra e ajuste\r\n1 calça ajuste\r\n1 vestido ajuste soltar fransido', '2012-08-22 00:00:00', '2012-08-29 00:00:00', '2012-08-29 00:00:00', 60.00, NULL, NULL, 1, 1, NULL),
(604, 425, '1 saia ajuste e barra\r\n1 vestido ajuste tirando detalhes\r\n1 vestido ajuste\r\n4 calças ajuste', '2012-08-23 00:00:00', '2012-08-31 00:00:00', '2012-08-31 00:00:00', 140.00, NULL, NULL, 0, 1, NULL),
(605, 318, 'Deixar toda barra postiça', '2012-08-23 00:00:00', '2012-08-30 00:00:00', '2012-08-30 00:00:00', 15.00, NULL, NULL, 0, 1, NULL),
(606, 413, '1 vestido ajuste\r\n1 barra', '2012-08-23 00:00:00', '2012-08-31 00:00:00', '2012-08-28 00:00:00', 25.00, NULL, NULL, 1, 1, 1),
(607, 399, '1 blusa reparo cavas\r\n1 blusa mudar manga', '2012-08-23 00:00:00', '2012-08-31 00:00:00', NULL, NULL, NULL, NULL, 0, 0, 0),
(608, 426, '1 blusa ajuste\r\n2 barras\r\nsoltar perna', '2012-08-23 00:00:00', '2012-08-31 00:00:00', '2012-08-27 00:00:00', 42.00, NULL, NULL, 1, 1, NULL),
(609, 102, '1 camisa barra', '2012-08-21 00:00:00', '2012-08-23 00:00:00', NULL, 12.00, NULL, NULL, 1, 0, NULL),
(610, 427, '1 kimono colocar faixa', '2012-08-23 00:00:00', '2012-08-24 00:00:00', NULL, 20.00, NULL, NULL, 1, 0, NULL),
(611, 428, '2 barras\r\n1 manga\r\n1 bata', '2012-08-24 00:00:00', '2012-08-31 00:00:00', '2012-08-30 00:00:00', 57.00, NULL, NULL, 1, 1, NULL),
(612, 178, '1 reparo\r\n1 manga encurtar', '2012-08-24 00:00:00', '2012-08-31 00:00:00', NULL, 15.00, NULL, NULL, 1, 0, NULL),
(613, 429, '1 vestido ajuste\r\n1 alça\r\n1 reparo', '2012-08-24 00:00:00', '2012-08-31 00:00:00', NULL, 50.00, NULL, NULL, 1, 0, NULL),
(614, 24, 'fronha colocar ziper \r\n1 calça ajuste\r\n1 calça ajuste', '2012-08-24 00:00:00', '2012-09-04 00:00:00', NULL, 30.00, NULL, NULL, 0, 0, NULL),
(615, 59, 'várias', '2012-08-24 00:00:00', '2012-08-28 00:00:00', NULL, NULL, NULL, NULL, 0, 0, 0),
(616, 32, 'blusa', '2012-08-24 00:00:00', '2012-08-31 00:00:00', NULL, 25.00, NULL, NULL, 1, 0, NULL),
(617, 430, '3 reparos', '2012-08-24 00:00:00', '2012-08-28 00:00:00', '2012-08-27 00:00:00', 15.00, NULL, NULL, 1, 1, NULL),
(618, 121, '2 reparos', '2012-08-24 00:00:00', '2012-08-29 00:00:00', NULL, 15.00, NULL, NULL, 1, 0, NULL),
(619, 431, 'ajuste ', '2012-08-24 00:00:00', '2012-08-29 00:00:00', '2012-08-29 00:00:00', 35.00, NULL, NULL, 1, 1, NULL),
(620, 432, '2 blusas', '2012-08-24 00:00:00', '2012-08-30 00:00:00', '2012-08-30 00:00:00', 20.00, NULL, NULL, 1, 1, NULL),
(621, 433, '2 blusas', '2012-08-24 00:00:00', '2012-08-30 00:00:00', NULL, 20.00, NULL, NULL, 0, 0, 0),
(622, 434, '2 calça barar\r\n1 calça reparo meio da perna\r\n1 saia elástico\r\ncasaco encurtar manga\r\ncamisa polo fazer por outtra', '2012-08-24 00:00:00', '2012-08-31 00:00:00', '2012-09-03 00:00:00', 82.00, NULL, NULL, 0, 1, NULL),
(623, 435, '1 pijama elástico\r\n1 reparo lateral\r\n1 calça barra', '2012-08-24 00:00:00', '2012-08-31 00:00:00', '2012-08-31 00:00:00', 30.00, NULL, NULL, 0, 1, NULL),
(624, 436, '1 blusa reparo\r\n1 calça ajuste', '2012-08-24 00:00:00', '2012-09-03 00:00:00', NULL, 30.00, NULL, NULL, 0, 0, 0),
(625, 437, '1 calça barra\r\n1 casaco botões', '2012-08-27 00:00:00', '2012-08-28 00:00:00', NULL, 20.00, NULL, NULL, 1, 0, NULL),
(627, 439, '1 saia ajuste\r\n1 vestido ajuste e barra', '2012-08-27 00:00:00', '2012-08-31 00:00:00', NULL, 60.00, NULL, NULL, 0, 0, 0),
(628, 440, 'busto top 4 cm\r\ncint e quadril 6 cm\r\nsaia baixar', '2012-08-27 00:00:00', '2012-08-30 00:00:00', '2012-08-30 00:00:00', 50.00, NULL, NULL, 1, 1, NULL),
(629, 372, '1 blazer manga\r\n1 camisa ajuste lateral e manga', '2012-08-27 00:00:00', '2012-09-03 00:00:00', '2012-09-04 00:00:00', 45.00, NULL, NULL, 0, 1, NULL),
(630, 441, '2 vestidos diminuir\r\n1 vestido ombro e pencil', '2012-08-27 00:00:00', '2012-09-03 00:00:00', NULL, 60.00, NULL, NULL, 0, 0, 0),
(631, 442, '1 camisa punho e gola\r\n1 calça reparo', '2012-08-27 00:00:00', '2012-09-04 00:00:00', '2012-09-04 00:00:00', 25.00, NULL, NULL, 1, 1, NULL),
(632, 398, '1 calça barra', '2012-08-27 00:00:00', '2012-09-05 00:00:00', NULL, 12.00, NULL, NULL, 0, 0, 0),
(633, 225, '1 vestido barra\r\n1 vestido bebê manda soltar\r\n1 blusa barra\r\n1 camiseta barra\r\n1 vestido diminuir lateral 1,5 cm\r\n1 blusa barra', '2012-08-27 00:00:00', '2012-09-04 00:00:00', '2012-09-04 00:00:00', 75.00, NULL, NULL, 0, 1, NULL),
(634, 165, '3 barras igual modelo\r\n1 blusa lateral', '2012-08-27 00:00:00', '2012-09-05 00:00:00', NULL, 70.00, NULL, NULL, 0, 0, 0),
(635, 65, '1 vestido', '2012-08-27 00:00:00', '2012-08-27 00:00:00', NULL, 10.00, NULL, NULL, 1, 0, NULL),
(636, 65, '3 calças\r\n1 vestido', '2012-08-27 00:00:00', '2012-08-31 00:00:00', NULL, 50.00, NULL, NULL, 1, 0, NULL),
(637, 443, '3 calças barra italiana', '2012-08-27 00:00:00', '2012-09-04 00:00:00', NULL, 60.00, NULL, NULL, 0, 0, 0),
(638, 444, '1 macacão barra ', '2012-08-27 00:00:00', '2012-08-28 00:00:00', NULL, 15.00, NULL, NULL, 1, 0, NULL),
(639, 445, '1 vestido rendado', '2012-08-27 00:00:00', '2012-08-29 00:00:00', NULL, NULL, NULL, NULL, 0, 0, 0),
(640, 446, '2 calças barra', '2012-08-24 00:00:00', '2012-09-03 00:00:00', NULL, 25.00, NULL, NULL, 1, 0, NULL),
(641, 447, '1 camisa aumentar', '2012-08-27 00:00:00', '2012-09-05 00:00:00', NULL, NULL, NULL, NULL, 0, 0, 0),
(642, 312, '2 reparo', '2012-08-27 00:00:00', '2012-08-28 00:00:00', '2012-08-27 00:00:00', 10.00, NULL, NULL, 0, 1, NULL),
(643, 448, '1 saia barra\r\n1 calça barra', '2012-08-28 00:00:00', '2012-08-31 00:00:00', '2012-08-30 00:00:00', 32.00, NULL, NULL, 1, 1, NULL),
(644, 449, '3 calça coton reforçar costuras\r\n1 calça jeans serzidos vestidos diminuir alça\r\ndiminuir largura', '2012-08-28 00:00:00', '2012-09-06 00:00:00', NULL, NULL, NULL, NULL, 0, 0, 0),
(645, 450, '1 reforço azul\r\ncolocar elástico calça', '2012-08-28 00:00:00', '2012-09-03 00:00:00', '2012-09-03 00:00:00', 15.00, NULL, NULL, 0, 1, NULL),
(646, 411, '1 casaco ajuste', '2012-08-28 00:00:00', '2012-09-05 00:00:00', NULL, 40.00, NULL, NULL, 0, 0, 0),
(647, 357, '1 vestido fazer top', '2012-08-28 00:00:00', '2012-09-06 00:00:00', NULL, NULL, NULL, NULL, 0, 0, 0),
(648, 451, 'Calça jeans serzido- muito trabalho não quis pagar 10,00 a mais', '2012-08-28 00:00:00', '2012-09-04 00:00:00', NULL, 20.00, NULL, NULL, 1, 0, NULL),
(649, 322, '1 saia igual modelo', '2012-08-17 00:00:00', '2012-08-29 00:00:00', '2012-08-28 00:00:00', 40.00, NULL, NULL, 1, 1, NULL),
(650, 393, '2 fronhas colocar bordado\r\n1 calça ajuste\r\n1 reparo', '2012-08-28 00:00:00', '2012-09-05 00:00:00', NULL, NULL, NULL, NULL, 0, 0, 0),
(651, 356, '1 vestido ajuste\r\n', '2012-08-28 00:00:00', '2012-09-05 00:00:00', NULL, 30.00, NULL, NULL, 0, 0, 0),
(652, 452, '1 casaco ajuste\r\n1 calça reparo\r\n1 regata alça', '2012-08-28 00:00:00', '2012-09-06 00:00:00', NULL, 50.00, NULL, NULL, 0, 0, 0),
(653, 453, 'cint 94\r\ncomp 98\r\nmais solta q modelo\r\ncos 6 cm', '2012-08-29 00:00:00', '2012-09-12 00:00:00', NULL, 70.00, NULL, NULL, 0, 0, 0),
(654, 454, '1 calça social barra\r\nfazer pesponto barra bermuda', '2012-08-29 00:00:00', '2012-08-30 00:00:00', '2012-08-30 00:00:00', 20.00, NULL, NULL, 1, 1, NULL),
(655, 455, '2 jeans tirar barra de 2 cm\r\n1 ajuste coxa a té o joelho', '2012-08-29 00:00:00', '2012-09-05 00:00:00', '2012-09-04 00:00:00', 45.00, NULL, NULL, 0, 1, NULL),
(656, 121, '1 blusão reparo', '2012-08-29 00:00:00', '2012-09-04 00:00:00', NULL, 10.00, NULL, NULL, 0, 0, 0),
(657, 456, '1 vestido barra', '2012-08-29 00:00:00', NULL, NULL, 15.00, NULL, NULL, 0, 0, 0),
(658, 457, '2 vestidos ziper\r\nsaia tirar forro\r\nsaia trocar ziper diminuir lateral\r\n1 blazer manga\r\n1 saia barra', '2012-08-29 00:00:00', '2012-09-07 00:00:00', NULL, NULL, NULL, NULL, 0, 0, 0),
(659, 355, '1 calça reparo', '2012-08-29 00:00:00', '2012-09-06 00:00:00', NULL, 10.00, NULL, NULL, 0, 0, 0),
(660, 445, 'reparo uniforme', '2012-08-29 00:00:00', '2012-08-29 00:00:00', '2012-08-29 00:00:00', 10.00, NULL, NULL, 0, 1, NULL),
(661, 1, '1 macacão barra\r\n1 cinto', '2012-08-29 00:00:00', '2012-09-04 00:00:00', '2012-09-03 00:00:00', 15.00, NULL, NULL, 1, 1, NULL),
(662, 458, '1 barra', '2012-08-29 00:00:00', '2012-08-31 00:00:00', NULL, 15.00, NULL, NULL, 1, 0, NULL),
(663, 32, '1 barra', '2012-08-29 00:00:00', '2012-08-31 00:00:00', NULL, 10.00, NULL, NULL, 1, 0, NULL),
(664, 188, '3 calças ajuste\r\ncalça de couro elástico no cos', '2012-08-29 00:00:00', '2012-09-06 00:00:00', NULL, NULL, NULL, NULL, 0, 0, 0),
(665, 459, '1 calça ajuste', '2012-08-29 00:00:00', '2012-08-31 00:00:00', '2012-08-30 00:00:00', 20.00, NULL, NULL, 1, 1, NULL),
(666, 95, '1 calça ajuste', '2012-08-29 00:00:00', '2012-09-11 00:00:00', '2012-09-03 00:00:00', NULL, NULL, NULL, 0, 1, NULL),
(667, 460, '2 calças reparo', '2012-08-06 00:00:00', '2012-08-29 00:00:00', NULL, 10.00, NULL, NULL, 1, 0, NULL),
(668, 461, '1 vestido costurar frente', '2012-08-30 00:00:00', '2012-08-31 00:00:00', '2012-08-30 00:00:00', 15.00, NULL, NULL, 1, 1, NULL),
(669, 462, '2 vestidos ajuste\r\n1 vestido tirar pregas\r\n1 vestido ajuste\r\n1 camisa\r\n1 malha barra', '2012-08-30 00:00:00', '2012-09-10 00:00:00', NULL, 125.00, NULL, NULL, 0, 0, 0),
(670, 463, '1 calça ajuste barra', '2012-08-30 00:00:00', '2012-08-31 00:00:00', '2012-08-31 00:00:00', 25.00, NULL, NULL, 1, 1, NULL),
(671, 464, '1 vestido festa - Marta', '2012-08-30 00:00:00', '2012-09-12 00:00:00', NULL, 50.00, NULL, NULL, 0, 0, 0),
(672, 309, '1 blazer mangas', '2012-08-30 00:00:00', '2012-09-04 00:00:00', NULL, 25.00, NULL, NULL, 1, 0, NULL),
(673, 240, '1 casaco ajuste e barra\r\n1 blusas', '2012-08-30 00:00:00', '2012-09-06 00:00:00', NULL, 45.00, NULL, NULL, 0, 0, 0),
(674, 353, 'reparos', '2012-08-30 00:00:00', '2012-08-31 00:00:00', '2012-08-30 00:00:00', 20.00, NULL, NULL, 1, 1, NULL),
(675, 465, '1 calça barra', '2012-08-30 00:00:00', '2012-09-04 00:00:00', NULL, 12.00, NULL, NULL, 0, 0, 0),
(676, 466, '1 jeans barra\r\n1 jeans barra\r\n1 camisa barra\r\n1 camisa barra', '2012-08-31 00:00:00', '2012-09-05 00:00:00', NULL, 60.00, NULL, NULL, 0, 0, 0),
(677, 467, '1 calça barra', '2012-08-31 00:00:00', '2012-09-10 00:00:00', NULL, NULL, NULL, NULL, 0, 0, 0),
(678, 468, '2 reparos', '2012-08-31 00:00:00', '2012-09-03 00:00:00', '2012-09-03 00:00:00', 15.00, NULL, NULL, 0, 1, NULL),
(679, 263, 'refazer bolsos', '2012-08-31 00:00:00', '2012-09-05 00:00:00', NULL, 25.00, NULL, NULL, 0, 0, 0),
(680, 469, '1 calça barra galoneira', '2012-08-31 00:00:00', '2012-09-06 00:00:00', NULL, 15.00, NULL, NULL, 0, 0, 0),
(681, 470, '1 camisa punho', '2012-08-31 00:00:00', '2012-09-10 00:00:00', NULL, 20.00, NULL, NULL, 0, 0, 0),
(682, 471, '1 barra saia', '2012-08-31 00:00:00', '2012-08-31 00:00:00', NULL, 20.00, NULL, NULL, 0, 0, 0),
(683, 289, '1 blusa', '2012-08-31 00:00:00', '2012-09-03 00:00:00', NULL, 20.00, NULL, NULL, 1, 0, NULL),
(684, 472, '1 vestido princesa barra', '2012-08-28 00:00:00', '2012-08-31 00:00:00', NULL, 25.00, NULL, NULL, 0, 0, 0),
(685, 20, '3 calças', '2012-08-31 00:00:00', '2012-09-04 00:00:00', NULL, NULL, NULL, NULL, 0, 0, 0),
(686, 473, '1 calça ajuste e barra', '2012-08-31 00:00:00', '2012-09-10 00:00:00', NULL, 25.00, NULL, NULL, 0, 0, 0),
(687, 12, '1 xale', '2012-08-21 00:00:00', '2012-08-31 00:00:00', NULL, 25.00, NULL, NULL, 1, 0, NULL),
(688, 310, '2 casacos barra', '2012-08-31 00:00:00', '2012-08-31 00:00:00', '2012-08-31 00:00:00', 40.00, NULL, NULL, 0, 1, NULL),
(689, 43, '1 barra', '2012-09-03 00:00:00', '2012-09-05 00:00:00', NULL, 12.00, NULL, NULL, 0, 0, 0),
(690, 474, '1 camisa\r\n1 calça', '2012-09-03 00:00:00', '2012-09-05 00:00:00', NULL, NULL, NULL, NULL, 0, 0, 0),
(691, 474, '6 camisas\r\n7 calças', '2012-09-03 00:00:00', '2012-09-11 00:00:00', NULL, NULL, NULL, NULL, 0, 0, 0),
(692, 475, 'estola forro\r\nreparo outra estola', '2012-09-03 00:00:00', '2012-09-14 00:00:00', NULL, 70.00, NULL, NULL, 0, 0, 0),
(693, 289, '1 vestido', '2012-09-03 00:00:00', '2012-09-04 00:00:00', '2012-09-03 00:00:00', 10.00, NULL, NULL, 1, 1, NULL),
(694, 417, '2 jeans diminuir gancho e laterais\r\n1 gancho', '2012-09-03 00:00:00', '2012-09-10 00:00:00', NULL, 100.00, NULL, NULL, 0, 0, 0),
(695, 65, '1 calça barra', '2012-09-03 00:00:00', '2012-09-05 00:00:00', NULL, NULL, NULL, NULL, 0, 0, 0),
(696, 476, '2 blusas diminuir ombro e laterais', '2012-09-03 00:00:00', '2012-09-04 00:00:00', NULL, 15.00, NULL, NULL, 1, 0, NULL),
(697, 370, '1 saia ajuste e barra\r\n', '2012-09-03 00:00:00', '2012-09-05 00:00:00', NULL, 28.00, NULL, NULL, 0, 0, 0),
(698, 328, '1 calça barra', '2012-09-03 00:00:00', '2012-09-11 00:00:00', NULL, 12.00, NULL, NULL, 0, 0, 0),
(699, 477, '1 vestido reparo', '2012-09-03 00:00:00', '2012-09-11 00:00:00', NULL, 15.00, NULL, NULL, 0, 0, 0),
(700, 478, '1 vestido reparo', '2012-09-03 00:00:00', '2012-09-11 00:00:00', NULL, 15.00, NULL, NULL, 0, 0, 0),
(701, 479, 'Várias', '2012-09-03 00:00:00', '2012-09-12 00:00:00', NULL, NULL, NULL, NULL, 0, 0, 0),
(702, 365, 'várias', '2012-09-03 00:00:00', '2012-09-14 00:00:00', NULL, NULL, NULL, NULL, 0, 0, 0),
(703, 127, '2 calças ajuste', '2012-09-03 00:00:00', '2012-09-10 00:00:00', NULL, 60.00, NULL, NULL, 0, 0, 0),
(704, 205, '1 calça elástico e barra', '2012-09-03 00:00:00', '2012-09-10 00:00:00', NULL, 20.00, NULL, NULL, 0, 0, 0),
(705, 480, '1 blusa barra\r\n1 calça barra', '2012-09-03 00:00:00', '2012-09-12 00:00:00', NULL, 24.00, NULL, NULL, 0, 0, 0),
(706, 481, '2 batas barra\r\n2 camisas ajuste', '2012-09-03 00:00:00', '2012-09-11 00:00:00', NULL, NULL, NULL, NULL, 0, 0, 0),
(707, 482, '1 vestido cortar', '2012-09-03 00:00:00', '2012-09-04 00:00:00', NULL, NULL, NULL, NULL, 0, 0, 0),
(708, 227, '1 short\r\n1 calça\r\n1 bolsa\r\n1 jeans ajuste e bolso\r\n4 jeans ajuste', '2012-09-03 00:00:00', '2012-09-12 00:00:00', NULL, 120.00, NULL, NULL, 0, 0, 0),
(709, 145, 'macacão soltar barra\r\n1 calça ziper\r\n1 saia costuras barra tirar pontos\r\n1 saias barra', '2012-08-27 00:00:00', '2012-09-03 00:00:00', NULL, 65.00, NULL, NULL, 1, 0, NULL),
(710, 483, '1 corpete soltar um pouco', '2012-09-03 00:00:00', '2012-09-18 00:00:00', NULL, 25.00, NULL, NULL, 0, 0, 0),
(711, 484, '1 bermuda ajuste', '2012-08-27 00:00:00', '2012-09-03 00:00:00', '2012-09-03 00:00:00', 20.00, NULL, NULL, 0, 1, NULL),
(712, 413, '1 lenço barra\r\n1 vestido retorno', '2012-09-04 00:00:00', '2012-09-12 00:00:00', NULL, 15.00, NULL, NULL, 0, 0, 0),
(713, 485, '1 vestido pencil e barra\r\n1 vestido marro tirar elástico barra\r\n1 pencil e reparo', '2012-09-04 00:00:00', '2012-09-03 00:00:00', '2012-09-04 00:00:00', 65.00, NULL, NULL, 0, 1, NULL),
(714, 132, '1 calça soltar cos', '2012-09-03 00:00:00', '2012-09-04 00:00:00', '2012-09-04 00:00:00', 20.00, NULL, NULL, 1, 1, NULL),
(715, 486, '21 peças', '2012-09-04 00:00:00', '2012-09-18 00:00:00', NULL, NULL, 50.00, NULL, 0, 0, 0),
(716, 487, '1 calça ziper', '2012-09-04 00:00:00', '2012-09-11 00:00:00', NULL, 15.00, NULL, NULL, 0, 0, 0),
(717, 256, '1 vestido barra e alça', '2012-09-04 00:00:00', '2012-09-13 00:00:00', NULL, 25.00, NULL, NULL, 0, 0, 0),
(718, 488, '1 vestido barra e costuras', '2012-09-04 00:00:00', '2012-09-25 00:00:00', NULL, 40.00, NULL, NULL, 0, 0, 0),
(719, 489, 'calças joelheira', '2012-09-04 00:00:00', '2012-09-10 00:00:00', NULL, 50.00, NULL, NULL, 0, 0, 0),
(720, 194, '2 fronhas', '2012-09-04 00:00:00', '2012-09-11 00:00:00', NULL, NULL, NULL, NULL, 0, 0, 0),
(721, 490, '1 pijama', '2012-09-04 00:00:00', '2012-09-11 00:00:00', NULL, NULL, NULL, NULL, 0, 0, 0),
(722, 491, '2 calças jeans barra\r\n1 vestido infantil soltar toda barra\r\n1 calça ajuste\r\n1 calça ajuste e barra', '2012-09-04 00:00:00', '2012-09-13 00:00:00', NULL, 90.00, NULL, NULL, 0, 0, 0),
(723, 492, '1 calça barra\r\n1 saia barra\r\n7 blusas manga', '2012-09-04 00:00:00', '2012-09-13 00:00:00', NULL, 120.00, NULL, NULL, 0, 0, 0),
(724, 65, '1 saia', '2012-09-04 00:00:00', '2012-09-04 00:00:00', '2012-09-04 00:00:00', 10.00, NULL, NULL, 0, 1, NULL);

-- --------------------------------------------------------

--
-- Table structure for table `owners`
--

CREATE TABLE IF NOT EXISTS `owners` (
  `ownerid` int(10) unsigned NOT NULL AUTO_INCREMENT,
  `name` varchar(150) NOT NULL,
  `email` varchar(150) DEFAULT NULL,
  `phone` varchar(150) DEFAULT NULL,
  PRIMARY KEY (`ownerid`)
) ENGINE=InnoDB  DEFAULT CHARSET=utf8 AUTO_INCREMENT=5 ;

--
-- Dumping data for table `owners`
--

INSERT INTO `owners` (`ownerid`, `name`, `email`, `phone`) VALUES
(1, 'Cleusa', NULL, NULL),
(2, 'Aida', NULL, NULL),
(3, 'Jose', NULL, NULL),
(4, 'Angelica', NULL, NULL);

--
-- Constraints for dumped tables
--

--
-- Constraints for table `orders`
--
ALTER TABLE `orders`
  ADD CONSTRAINT `fk_order_client` FOREIGN KEY (`clientid`) REFERENCES `clients` (`clientid`) ON DELETE NO ACTION ON UPDATE NO ACTION,
  ADD CONSTRAINT `orders_ibfk_1` FOREIGN KEY (`clientid`) REFERENCES `clients` (`clientid`) ON DELETE CASCADE ON UPDATE NO ACTION;

/*!40101 SET CHARACTER_SET_CLIENT=@OLD_CHARACTER_SET_CLIENT */;
/*!40101 SET CHARACTER_SET_RESULTS=@OLD_CHARACTER_SET_RESULTS */;
/*!40101 SET COLLATION_CONNECTION=@OLD_COLLATION_CONNECTION */;
